x,y
55.9432,25.78953
55.30927,25.07725
55.41206,25.33737
55.47878,25.40177
54.39696,24.45118
54.48267,24.35893
67.11087,36.70904
68.857,36.72895
65.71013,31.61332
69.17233,34.52813
70.45153,34.42647
62.19967,34.34817
68.42096,33.55391
69.22592,33.59744
66.8972,36.75635
68.70829,36.13068
20.08222,41.1125
19.81889,41.3275
19.45469,41.32355
44.51361,40.18111
44.4939,40.80456
43.84528,40.7942
14.91162,-9.29782
13.23432,-8.83682
13.4925,-14.91717
13.53601,-12.3644
16.93333,-12.38333
15.73917,-12.77611
13.40547,-12.57626
-58.47263,-34.67907
-59.13316,-37.32167
-58.98389,-27.46056
-58.26374,-34.72904
-55.89608,-27.36708
-58.9142,-34.45866
-58.61956,-34.6509
-58.72927,-34.66627
-57.5562,-38.00042
-57.95453,-34.92145
-58.17313,-26.18489
-58.8344,-27.46784
-58.02089,-31.39296
-58.37723,-34.61315
-58.21278,-34.76531
-58.45829,-34.5627
-64.26149,-27.79511
-64.28333,-36.61667
-60.70868,-31.64881
-65.29712,-24.19457
-68.33007,-34.61772
-60.2108,-33.33425
-65.2226,-26.82414
-66.33563,-33.29501
-68.53639,-31.5375
-65.78524,-28.46957
-65.41166,-24.7859
-60.63932,-32.94682
-64.34992,-33.13067
-60.52897,-31.73271
-68.0591,-38.95161
-68.82717,-32.89084
-66.85067,-29.41105
-64.18105,-31.4135
-67.49656,-45.86413
-62.27243,-38.71959
-58.39766,-34.61032
-58.71229,-34.54335
-58.76813,-34.51541
16.37208,48.20849
16.43333,48.18333
13.04399,47.79941
16.3,48.21667
14.28611,48.30639
11.39454,47.26266
15.45,47.06667
16.4,48.25
16.38233,48.16116
16.46002,48.2333
115.72978,-32.27682
115.8614,-31.95224
130.84185,-12.46113
138.59863,-34.92866
146.80569,-19.26639
151.95386,-27.56056
151.20732,-33.86785
151.7801,-32.92953
144.96332,-37.814
147.13467,-41.43876
147.32941,-42.87936
153.43088,-28.00029
144.36069,-38.14711
150.89345,-34.424
149.12807,-35.28346
145.76613,-16.92366
153.02809,-27.46794
144.28024,-36.75818
153.10944,-27.63917
48.85062,38.75428
47.15014,40.61832
49.66861,40.58972
46.36056,40.68278
49.89201,40.37767
17.90397,44.20169
18.66709,44.53842
18.35644,43.84864
17.80806,43.34333
17.19386,44.77842
90.40232,23.89154
91.87198,24.89904
89.94812,24.91965
89.32266,25.00146
89.07185,22.70817
89.70802,24.45771
90.71768,23.92298
89.5988,24.17687
88.60114,24.374
90.50298,23.61352
89.87696,24.05783
90.40646,24.75636
91.18503,23.46186
89.25166,25.74664
89.11943,23.9028
90.40744,23.7104
90.9764,24.0524
89.79123,22.65657
90.61667,23.65
88.94875,24.80418
89.84064,23.60612
88.63779,25.62745
91.83168,22.3384
92.00955,21.43973
89.56439,22.80979
90.37013,22.70497
89.21371,23.16971
89.2372,24.00644
89.91655,24.24984
89.37108,24.85098
88.27444,24.59025
90.01751,25.01881
88.89169,25.77769
88.83431,24.36537
88.98673,24.41112
90.41426,23.73625
4.37737,50.86935
4.86746,50.4669
5.56749,50.63373
3.71667,51.05
4.44448,50.41136
4.34878,50.85045
3.22424,51.20892
4.40026,51.22047
4.31454,50.83619
-1.53388,12.36566
-4.2979,11.17715
27.91667,43.21667
25.64194,42.43278
23.32415,42.69751
25.9534,43.84872
24.75,42.15
24.61667,43.41667
27.46781,42.50606
50.58565,26.22787
29.36142,-3.38193
2.60359,6.49646
2.63031,9.33716
2.93861,11.13417
1.66598,9.70853
2.41833,6.36536
2.0667,7.17826
2.35566,6.44852
-64.72956,-21.53549
-65.26274,-19.03332
-63.18117,-17.78629
-66.03825,-17.39799
-65.75306,-19.58361
-67.15,-17.98333
-68.15,-16.5
-66.1568,-17.3895
-35.29139,-8.11806
-42.83667,-5.09417
-42.80194,-5.08917
-40.34972,-3.68611
-44.30278,-2.52972
-34.97806,-7.11389
-54.70833,-2.44306
-34.88111,-8.05389
-40.50083,-9.39861
-34.87306,-7.94083
-35.26278,-5.91556
-41.77667,-2.90472
-34.85528,-8.00889
-35.20944,-5.795
-37.34417,-5.1875
-38.62556,-3.87667
-49.13232,-5.38146
-35.73528,-9.66583
-51.06639,0.03889
-39.31528,-7.21306
-34.86306,-7.115
-35.00139,-8.18028
-47.49167,-5.52639
-36.50216,-8.88202
-38.54306,-3.71722
-43.35611,-4.85889
-38.65306,-3.73611
-47.92639,-1.29389
-35.97611,-8.28333
-35.88111,-7.23056
-35.03333,-8.28333
-48.50444,-1.45583
-36.66111,-9.7525
-48.20722,-7.19111
-48.37222,-1.36556
-44.10417,-22.52306
-40.83944,-14.86611
-40.33778,-20.31944
-40.2925,-20.32972
-51.02333,-30.08111
-46.82833,-23.21139
-56.1325,-15.64667
-45.43028,-21.55139
-57.08833,-29.75472
-53.325,-23.76639
-48.27722,-18.91861
-47.93194,-19.74833
-53.74306,-24.71361
-42.97822,-22.4167
-41.50528,-17.8575
-45.55528,-23.02639
-46.79167,-23.62611
-46.31083,-23.5425
-47.26694,-22.82194
-47.45806,-23.50167
-44.24667,-19.46583
-40.30778,-20.12861
-51.15,-29.83333
-46.39194,-23.96306
-46.63611,-23.5475
-51.14722,-29.76028
-49.20836,-25.5302
-45.88694,-23.17944
-49.37944,-20.81972
-49.1632,-28.21171
-43.37222,-22.80389
-47.89083,-22.0175
-46.55111,-23.62306
-46.565,-23.69389
-46.33361,-23.96083
-46.53833,-23.66389
-53.80694,-29.68417
-43.85139,-19.76972
-52.42583,-29.7175
-47.41361,-22.75361
-38.51083,-12.97111
-54.63556,-16.47083
-50.92806,-17.79806
-52.09861,-32.035
-43.18223,-22.90642
-47.56139,-22.41139
-47.81028,-21.1775
-46.41333,-23.71056
-44.08667,-19.76694
-44.44667,-22.46889
-43.55528,-22.71611
-51.38889,-22.12556
-46.40278,-24.00583
-45.93639,-22.23
-39.06472,-16.44972
-51.23019,-30.03283
-50.16194,-25.095
-46.56139,-21.78778
-46.34472,-23.52806
-47.64917,-22.72528
-45.46167,-22.92389
-43.17861,-22.505
-52.34101,-31.76997
-46.51806,-18.57889
-52.40667,-28.26278
-48.52537,-25.51626
-48.66778,-27.64528
-46.79167,-23.5325
-51.13056,-29.67833
-43.45111,-22.75917
-42.53111,-22.28194
-37.12611,-10.855
-43.10361,-22.88333
-43.41389,-22.8075
-43.86167,-16.735
-46.94552,-22.3677
-46.18833,-23.52278
-46.46139,-23.66778
-51.93861,-23.42528
-49.94583,-22.21389
-41.78324,-22.38484
-47.95028,-16.2525
-51.16278,-23.31028
-40.07222,-19.39111
-47.40167,-22.56472
-50.32611,-27.81611
-46.88417,-23.18639
-43.35028,-21.76417
-48.84556,-26.30444
-40.08512,-13.85875
-48.55778,-22.29639
-49.06667,-26.48611
-46.9025,-23.5275
-45.96583,-23.30528
-47.29917,-23.26417
-46.34833,-23.48611
-46.93417,-23.54889
-48.05306,-23.59167
-46.84917,-23.71694
-48.66194,-26.90778
-43.77528,-22.85222
-39.28028,-14.78556
-42.85944,-22.74444
-42.53667,-19.46833
-47.2119,-23.08842
-39.03949,-14.79364
-44.05889,-20.02194
-47.22,-22.85833
-46.53333,-23.46278
-46.25639,-23.99306
-45.1925,-22.81639
-51.46541,-25.39048
-40.50196,-20.67182
-50.99278,-29.94218
-41.94944,-18.85111
-49.25389,-16.67861
-46.72694,-23.32167
-46.74528,-23.28167
-47.40083,-20.53861
-54.58806,-25.54778
-48.54917,-27.59667
-46.36861,-23.54083
-38.96667,-12.26667
-39.58028,-16.3775
-44.31389,-19.7625
-46.85222,-23.64889
-43.31167,-22.78556
-54.80556,-22.22111
-44.89065,-20.14355
-46.62278,-23.68611
-49.27306,-25.42778
-56.09667,-15.59611
-46.42528,-23.895
-49.36972,-28.6775
-46.91917,-23.60389
-42.62889,-19.51861
-44.05361,-19.93167
-43.78611,-20.66028
-49.22417,-25.29167
-40.63056,-19.53944
-52.61833,-27.09639
-51.17944,-29.16806
-48.97278,-21.13778
-53.45528,-24.95583
-46.835,-23.52272
-51.18361,-29.91778
-41.33044,-21.75227
-54.64639,-20.44278
-47.06083,-22.90556
-38.32417,-12.6975
-41.11278,-20.84889
-51.09389,-29.95111
-42.02622,-22.88717
-47.92972,-15.77972
-46.54418,-22.9527
-48.445,-22.88583
-49.06611,-26.91944
-50.34,-21.28861
-44.19833,-19.96778
-43.93778,-19.92083
-43.39944,-22.76417
-49.06056,-22.31472
-46.87611,-23.51056
-48.56778,-20.55722
-44.99,-12.15278
-44.17139,-22.54417
-43.77361,-21.22583
-46.55028,-23.11694
-50.41222,-22.66167
-49.41028,-25.59306
-42.34306,-22.87278
-47.38417,-22.35694
-48.17556,-21.79444
-50.43278,-21.20889
-37.07167,-10.91111
-51.46083,-23.55083
-44.31806,-23.00667
-48.95278,-16.32667
-47.33139,-22.73917
-38.41917,-12.13556
-51.325,-30.11389
-48.32766,-10.16745
-67.81,-9.97472
-63.90389,-8.76194
-60.025,-3.10194
-60.67333,2.81972
-61.95167,-10.88528
-49.24389,-16.82333
-35.01472,-8.11278
-38.32722,-12.89444
-49.90222,-6.0675
-49.1925,-25.44472
-38.40389,-12.78444
-55.5025,-11.86417
-47.64874,-15.61791
-77.34306,25.05823
25.90859,-24.65451
30.2049,55.1904
27.5415,52.7876
26.0951,52.1229
30.4172,54.5081
28.5987,55.5318
27.56667,53.9
29.2456,52.0495
26.854,54.3167
30.3449,53.9168
23.8258,53.6884
30.9754,52.4345
23.68775,52.09755
28.505,54.2279
26.0139,53.1327
29.2214,53.1384
-122.25257,49.05798
-79.66634,44.40011
-79.76633,43.68341
-79.83713,43.38621
-122.95263,49.26636
-114.08529,51.05011
-80.31269,43.3601
-122.78217,49.2846
-63.57719,44.67134
-122.9068,49.14399
-113.46871,53.55014
-75.70164,45.47723
-80.99001,46.49
-80.25599,43.54594
-79.84963,43.25011
-119.48568,49.88307
-76.48098,44.22976
-80.5112,43.42537
-73.692,45.56995
-81.23304,42.98339
-73.51806,45.53121
-79.2663,43.86682
-79.88294,43.51681
-79.6583,43.5789
-64.7965,46.09454
-73.58781,45.50884
-75.7225,45.33619
-79.68292,43.45011
-78.84957,43.90012
-75.69812,45.41117
-104.6178,50.45008
-123.13683,49.17003
-79.43725,43.87111
-71.06573,48.41675
-106.66892,52.13238
-71.89908,45.40008
-79.24267,43.17126
-122.82509,49.10635
-79.4163,43.70011
-72.5477,46.34515
-123.11934,49.24966
-79.49827,43.8361
-123.35155,48.4359
-83.01654,42.30008
-97.14704,49.8844
-63.57291,44.6464
-71.21454,46.81228
-71.17793,46.80326
-60.1831,46.1351
-119.34997,50.36386
-123.08241,49.08938
29.13779,-3.39534
20.79995,-6.41621
23.45278,-7.00906
23.58979,-6.13603
25.19099,0.51528
25.92237,-2.94373
22.41659,-5.89624
29.19471,-5.94749
27.61603,2.77391
20.58638,-4.33111
29.22845,-1.67409
23.95328,-6.74504
29.29117,0.14164
28.84281,-2.49077
29.47306,0.49113
27.47938,-11.66089
26.7384,-10.98303
25.46674,-10.71484
18.26034,0.04865
13.46306,-5.83861
15.31357,-4.32758
18.81619,-5.04098
19.77234,3.25651
13.05364,-5.85098
17.38063,-3.31687
15.39139,-4.38361
18.41583,4.25671
18.55496,4.36122
11.86352,-4.77609
12.66664,-4.19834
15.28318,-4.26613
8.55,47.36667
6.63282,46.516
6.14569,46.20222
7.44744,46.94809
7.57327,47.55839
-5.27674,6.82055
-6.6363,4.74851
-7.55383,7.41251
-5.62961,9.45803
-5.9506,6.13193
-5.35723,5.83739
-6.45022,6.87735
-5.03031,7.69385
-4.05183,5.49462
-4.0159,5.41613
-4.00167,5.35444
-3.49639,6.72972
-71.55183,-33.02457
-71.62963,-33.036
-73.24589,-39.81422
-72.59842,-38.73965
-73.11684,-36.72494
-71.65542,-35.4264
-70.64827,-33.45694
-70.6996,-33.59217
-70.74444,-34.17083
-71.44249,-33.04752
-70.91129,-53.15483
-72.94237,-41.4693
-70.57577,-33.61169
-73.13348,-40.57395
-72.35366,-37.46973
-71.24894,-29.90453
-70.15027,-20.21326
-71.23943,-34.98279
-71.33947,-29.95332
-70.3314,-27.36679
-73.04977,-36.82699
-72.10344,-36.60664
-68.92371,-22.45667
-70.29792,-18.4746
-70.3954,-23.65236
-70.63419,-33.58331
-70.72552,-33.4443
11.51667,3.86667
9.9404,4.9547
13.58472,7.32765
13.80227,10.74244
10.25421,5.62611
14.31593,10.59095
9.7351,4.7182
9.4469,4.6363
15.03063,12.07689
13.39771,9.30143
10.13333,3.8
9.70428,4.04827
13.68459,4.57728
10.14597,5.9597
10.41759,5.47775
91.1,29.65
75.98951,39.47066
98.28618,39.81121
79.93548,37.1075
83.24959,43.42649
87.60046,43.80096
89.17886,42.94769
86.03694,44.3023
81.08722,43.80194
86.15231,41.76055
84.88724,45.58473
93.50601,42.83393
87.30461,44.00782
81.26566,40.54184
88.13361,47.84864
80.27921,41.18418
106.90722,27.68667
116.96556,35.40056
104.77689,29.34162
113.15,27.83333
114.02944,32.97944
115.65,34.45
120.24233,29.71877
119.3975,35.99472
114.63333,33.63333
117.81667,36.81667
102.54222,24.355
111.50472,30.29556
119.16999,32.28034
119.45508,32.21086
113.64861,34.75778
119.83417,32.93917
103.71667,27.31667
112.46091,23.04893
120.40997,37.36497
110.34271,21.28145
117.65556,24.51333
118.06333,36.79056
114.38278,36.096
121.45972,31.25861
117.55417,34.86472
112.75417,32.12722
121.14944,30.05
120.95431,31.37762
112.03954,22.92833
110.99278,35.02306
110.15,22.63333
112.73194,37.68028
112.8919,30.421
112.58306,31.16611
113.55284,30.94454
106.27306,38.46806
118.47972,36.69667
114.4,27.83333
111.28472,30.71444
104.63994,28.7593
121.44081,37.47649
119.43583,32.39722
110.48967,24.78081
113.56333,37.8575
120.1573,33.3575
117.15707,34.18045
117.94287,28.45179
113.86299,34.03189
118.75528,30.9525
110.29359,20.00073
112.4,29.71667
112.73333,38.40917
114.06556,32.12278
113.80151,35.19033
117.75194,35.90056
119.15944,34.59972
115.20361,37.90278
101.75739,36.62554
114.49417,37.06306
109.01722,32.68
113.46667,29.81667
112.89161,23.15486
102.26341,27.89642
117.11167,34.80222
113.92221,30.92689
108.70261,34.33778
113.44294,30.3708
114.32201,29.84347
113.56778,22.27694
112.9,27.85
112.14479,32.0422
108.92861,34.25833
118.08187,24.47979
111.31667,23.48333
115.5525,29.85058
120.28857,31.56887
120.22528,29.26778
111.69844,29.03205
118.37351,31.33728
114.26667,30.58333
106.81583,39.68442
106.71167,39.49944
120.66682,27.99942
122.05228,37.26366
110.74894,19.6157
109.50891,34.50355
122.11356,37.50914
119.10194,36.71
108.37089,30.81544
122.00806,39.61833
116.66183,39.90395
117.78333,30.95
105.74238,34.57952
117.17667,39.14222
117.19071,35.08357
118.18333,39.63333
117.64694,39.02111
119.90812,32.49069
112.56028,37.86944
112.7799,22.25135
117.12,36.18528
116.97889,33.63611
113.36306,31.71111
105.57332,30.50802
121.2146,31.03595
106.76944,39.23333
110.77806,32.6475
113.35769,22.9464
113.38521,22.51682
113.84722,23.11444
109.08495,35.07474
114.47861,38.04139
114.0683,22.54554
112.24472,30.30722
112.95776,22.77019
120.57864,30.00237
117.4831,27.34089
113.58333,24.8
115.3475,22.78199
116.71479,23.36814
121.45806,31.22222
114.50583,36.93833
109.505,18.24306
117.61861,26.24861
116.36581,23.5418
119.45528,35.4275
103.78333,25.48333
118.58583,24.91389
108.62612,21.97296
119.58833,39.93167
119.01917,33.58861
120.38042,36.06488
113.03333,23.7
115.01409,35.70506
119.88872,29.45679
119.01028,25.43944
113.88333,29.71667
121.96694,39.39528
113.85353,27.61672
114.71311,22.99376
106.68611,35.53917
113.30119,33.73847
101.70539,26.5479
121.54945,29.87819
105.06216,29.58354
112.53278,32.99472
120.87472,32.03028
118.17361,26.645
108.31667,22.81667
118.77778,32.06167
106.08473,30.79508
115.85306,28.68396
117.5,36.71667
104.68168,31.46784
116.09307,39.93819
116.11768,24.28859
110.76591,21.45713
102.638,25.0319
115.02213,31.18013
113.59839,24.68413
121.37491,28.58023
112.45361,34.68361
114.27342,23.16244
114.04272,33.56394
114.65167,37.87917
111.99444,27.73444
113.62709,28.15861
116.16869,23.31072
118.34278,35.06306
103.20639,35.60028
118.44954,39.71183
114.20472,36.42472
115.71183,36.84032
121.1447,28.85535
111.51889,36.08889
113.82465,23.29549
115.97766,36.45596
102.48496,24.92271
102.63202,37.92672
110.28172,21.64673
103.76386,29.56227
111.42944,27.68806
112.85908,26.40238
113.35041,25.128
111.66778,32.38583
103.83987,36.05701
116.69472,39.50972
119.94217,37.18073
120.71361,36.97583
117.65694,36.19278
102.71833,25.03889
103.30372,23.69767
114.30742,34.7986
116.00206,29.70475
109.73346,28.31925
121.71667,39.1
116.58139,35.405
119.64421,29.10678
112.19028,30.35028
112.20472,31.03361
113.1,30.65
117.20789,29.2947
102.19379,38.50062
112.83278,35.50222
116.99722,36.66833
115.36108,33.26338
115.83058,22.81027
116.07318,22.87932
120.75,30.7522
113.23306,35.23972
120.00333,36.28389
113.08333,22.58333
111.96272,21.85563
114.97927,27.11716
105.823,32.44201
110.46417,19.2425
120.0933,30.8703
113.67306,22.81899
114.41523,23.11147
116.28988,23.03845
113.0482,22.456
110.06639,34.56528
114.8,30.45
121.26591,28.6501
115.04814,30.24706
113.4418,23.11037
116.99961,23.67704
116.32693,39.74025
116.99694,32.62639
110.00404,27.56337
116.79167,33.97444
115.47358,35.23929
112.32833,28.58917
115.82991,23.43077
112.61888,26.88946
115.70111,37.73222
117.28083,31.86389
114.1925,35.89917
107.02214,33.07507
120.16142,30.29365
117.78917,39.24889
114.46778,36.60056
121.47331,28.69844
116.61219,23.19346
102.57548,24.77985
110.34167,20.04583
120.03308,28.88162
106.71667,26.58333
110.28639,25.28194
113.25,23.11667
113.9978,31.6199
103.15372,23.36085
110.84607,21.93924
106.10294,30.77576
119.75278,36.38333
119.30611,26.06139
115.81667,32.9
107.39575,29.706
113.13148,23.02677
114.83333,30.4
112.30424,22.18659
118.49165,37.46271
120.30947,32.85231
115.64204,22.94593
113.74866,23.01797
114.99556,38.51306
116.31046,37.45127
104.38198,31.13019
100.22072,26.86879
107.50092,31.21592
106.39583,39.04194
114.46716,22.7984
113.2503,22.84067
121.60222,38.91222
100.21229,25.58474
118.29778,32.32194
111.78333,22.16667
106.55278,29.56278
117.47783,30.66134
113.03333,25.8
120.26302,31.91102
104.06667,30.66667
116.77007,23.46132
116.62262,23.65396
117.86667,31.6
119.95401,31.77359
111.73861,35.20889
112.97087,28.19874
116.86667,38.31667
112.22979,30.28757
115.77028,33.87722
117.83333,36.48333
118.01667,37.36667
117.36083,32.94083
116.39723,39.9075
109.1,21.48333
106.43645,29.82739
115.49028,38.85111
104.17023,36.54696
120.87111,30.01556
105.93333,26.25
119.1925,36.43417
117.04723,30.51365
116.68092,23.44895
104.71667,31.76667
120.59538,31.30408
110.5723,21.31992
109.51028,18.22056
120.89845,29.99152
113.09481,29.37455
125.98263,46.06771
114.87944,40.81
122.73651,48.00945
126.53333,44.8
122.22833,40.66482
128.87529,47.72143
129.50778,42.9075
120.73333,49.28333
115.04472,40.61028
116.03333,43.96667
122.08333,46.08333
122.26528,43.6125
125.92639,41.71972
123.84139,42.29306
128.04497,46.98043
122.78333,45.33333
123.33917,41.65917
126.99508,46.63954
124.37785,43.16143
116.64783,40.12175
131.15389,46.63611
126.28333,45.35
123.43278,41.79222
119.74889,40.0025
124.86283,46.64142
130.85048,45.76347
123.96045,47.34088
124.82769,45.12902
122.04944,41.18806
124.83333,48.48333
120.74792,41.09822
129.27426,47.13333
129.6,44.58333
129.42333,42.77139
123.17816,47.33072
125.1038,46.53168
125.13583,42.90361
123.17306,41.27194
124.04028,42.53306
130.95718,45.30109
125.83278,44.1525
122.95,41.06667
126.8,44.31667
121.14167,41.10778
120.85327,40.76432
113.10583,41.0275
126.56028,43.85083
127.33401,43.72145
130.31633,46.79927
117.7,49.45
124.11667,50.41667
123.63333,47.20417
126.6,45.98333
126.74778,42.96333
124.88322,46.40124
111.65222,40.81056
130.90254,45.21235
127.49016,50.24413
130.30012,47.35118
126.65,45.75
126.95368,47.4565
119.7,49.2
122.74754,40.85158
124.81979,43.50075
124.81667,45.18333
121.65889,42.01556
123.94363,41.88669
124.07167,40.45361
128.23789,43.37383
123.57583,41.81444
130.78679,45.36088
125.7,44.53333
113.29139,40.09361
125,46.58333
124.39472,40.12917
118.96361,42.26833
117.95883,40.9519
120.45861,41.57028
125.32278,43.88
123.765,41.28861
120.77917,41.79194
126.6,48.26667
110.01669,40.58337
131.42444,46.55861
122.82076,45.60746
126.41965,41.93853
122.99,41.12361
125.31454,46.40202
126.97703,45.54545
120.74221,31.64615
120.92583,30.84918
109.59961,27.93557
119.40259,35.99502
99.70779,27.82511
109.78157,39.6086
104.25047,23.36306
104.83333,26.59444
101.224,24.2774
80.87173,44.05305
107.38599,40.74143
-73.62664,4.142
-73.25322,10.46314
-73.36778,5.53528
-76.19536,4.08466
-74.76459,10.91843
-72.93391,5.71434
-74.21682,4.57937
-75.39778,9.30472
-74.19904,11.24079
-76.61316,2.43823
-75.69611,4.81333
-77.28111,1.21361
-76.30361,3.53944
-75.28189,2.9273
-75.88143,8.74798
-75.56359,6.25184
-75.51738,5.06889
-74.77386,10.85953
-72.2395,11.37837
-74.75467,9.24202
-75.59913,6.18461
-75.23222,4.43889
-73.16981,7.0682
-74.80754,4.30079
-73.08644,7.06222
-75.60623,1.61438
-75.59174,6.17591
-75.66727,4.83916
-72.50782,7.89391
-75.91167,4.74639
-75.51444,10.39972
-76.5225,3.43722
-76.29783,3.90089
-77.03116,3.8801
-73.1198,7.12539
-74.08175,4.60971
-75.55795,6.33732
-74.78132,10.96854
-73.85472,7.06528
-75.68111,4.53389
-84.08333,9.93333
-75.82667,20.02083
-79.96472,22.40694
-82.32669,23.09544
-79.4425,21.92972
-83.69667,22.41667
-75.99362,20.2113
-81.5775,23.04111
-77.12126,20.34173
-76.95111,20.96167
-82.38304,23.13302
-76.26306,20.88722
-75.20917,20.14444
-82.30067,23.12518
-80.44662,22.14957
-78.76194,21.84
-82.3866,23.10809
-77.91694,21.38083
-76.64361,20.37417
-82.37703,23.03811
-82.32798,23.16076
-82.36417,23.13833
-82.4017,23.0072
-82.3597,23.0881
-23.51254,14.93152
-68.93354,12.1084
33.3642,35.17531
33.03794,34.68406
14.42076,50.08804
13.37759,49.74747
18.28204,49.83465
17.25175,49.59552
16.60796,49.19522
9.95121,49.79391
7.14816,51.25627
10.7815,52.42452
7.35258,51.44362
8.24932,50.08258
9.99155,48.39841
6.63935,49.75565
9.17702,48.78232
7.0845,51.17343
8.02431,50.87481
13.35,52.46667
10.4154,52.15705
7.00982,49.23262
12.14049,54.0887
9.20427,48.49144
7.1925,51.17983
12.10161,49.01513
7.19738,51.61379
13.42443,52.53878
13.06566,52.39886
8.69892,48.88436
8.75439,51.71905
8.0498,52.27264
8.21467,53.14118
8.76647,50.10061
6.8625,51.47805
11.07752,49.45421
6.95314,50.96545
11.63333,52.15
6.68504,51.19807
13.43126,52.47719
7.62571,51.96236
11.57549,48.13743
6.87967,51.43218
6.44172,51.18539
6.6326,51.45342
13.56983,52.54525
8.46694,49.4891
8.2791,49.98419
11.62916,52.12773
8.44641,49.48121
10.68729,53.86893
6.98432,51.0303
12.37129,51.33962
13.40338,52.49973
6.55381,51.33645
6.95,50.93333
7.57883,50.35357
10.13489,54.32133
9.5,51.31667
8.40444,49.00937
11.5899,50.92878
11.42372,48.76508
9.95112,52.15077
7.22572,51.5388
9.22054,49.13995
8.69079,49.40768
9.98388,53.46057
9.73322,52.37052
7.82089,51.68033
10.08305,53.58334
10.08333,53.56667
10.01667,53.55
9.95679,53.57416
9.93333,53.55
9.99302,53.55073
11.97947,51.48158
7.47168,51.36081
9.93228,51.53443
12.08187,50.88029
7.09654,51.50508
10.98856,49.47593
13.45482,52.51559
7.85222,47.9959
8.68417,50.11552
7.01228,51.45657
11.00783,49.59099
11.03283,50.9787
6.77616,51.22172
6.76516,51.43247
13.73832,51.05089
7.466,51.51494
8.65027,49.87167
12.92922,50.8357
13.28333,52.51667
8.59298,53.53615
8.80717,53.07582
10.52673,52.26594
6.9285,51.52392
7.09549,50.73438
7.21648,51.48165
8.53333,52.03333
13.41053,52.52437
7.13298,50.9856
10.89851,48.37154
6.08342,50.77664
7.1756,51.50168
10.22904,53.48462
9.984,53.58935
43.14503,11.58901
10.38831,55.39594
12.56553,55.67594
10.21076,56.15674
9.9187,57.048
-69.89232,18.47186
-70.69703,19.4517
-69.30864,18.4539
-70.25259,19.30099
-70.6884,19.79344
-68.70798,18.61501
-68.40431,18.58182
-68.97285,18.42733
-70.52956,19.22207
-70.1,18.41667
-69.9454,18.45539
-70,18.5
-69.85707,18.48847
3.47717,36.76639
-1.315,34.87833
4.04591,36.71182
1.31699,35.37103
8.12417,35.40417
7.95111,36.28639
6.90921,36.87617
-0.63085,35.18994
5.41373,36.19112
0.15171,34.83033
0.55599,35.73734
7.11353,35.87541
5.32502,31.94932
-0.63588,35.69906
0.08918,35.93115
2.75393,36.26417
0.14027,35.39664
2.86514,33.8
7.14333,35.43583
5.76352,36.821
7.42608,36.46214
6.86319,33.35608
5.69016,36.15281
1.33452,36.16525
4.62744,36.06386
1.25537,36.19591
3.263,34.67279
6.61472,36.365
3.19249,36.74871
4.76108,36.07321
2.8277,36.47004
5.72805,34.85038
5.08433,36.75587
-2.21667,31.61667
6.17414,35.55597
3.09606,36.66655
3.18291,36.72615
7.76667,36.9
3.08746,36.73225
2.90583,35.45139
7.39278,35.79639
-79.17536,-0.25305
-78.64712,-1.67098
-78.52495,-0.22985
-79.46352,-1.02863
-80.45445,-1.05458
-79.59415,-2.13404
-80.71271,-0.96212
-79.96053,-3.25861
-79.20422,-3.99313
-78.12233,0.35171
-79.88621,-2.19616
-79.65397,0.9592
-79.85519,-2.17579
-79.00453,-2.90055
-78.61675,-1.24908
26.72509,58.38062
24.75353,59.43696
31.00192,30.78847
31.37787,31.0539
31.69478,26.55695
31.00904,30.55258
32.72671,26.16418
31.2056,30.17922
30.84129,27.73264
30.93991,31.11174
30.12969,31.13379
31.89161,26.33826
30.2981,31.3073
32.87722,24.97916
31.30084,29.84144
30.64784,31.13259
31.59478,31.08898
30.46823,31.03408
32.3019,31.26531
31.35798,31.21452
31.56223,30.42039
31.09785,29.07441
31.1842,30.45977
31.502,30.58768
31.18368,27.18096
32.89942,24.09082
32.52627,29.97371
32.6421,25.69893
31.24967,30.06263
30.75813,28.09193
31.38069,31.03637
31.1669,30.97063
31.20861,30.00944
32.27225,30.60427
29.91582,31.20176
31.25,29.9
30.8418,29.30995
33.79844,31.13159
31.67148,30.72508
31.47,30.03
-13.18797,27.1418
38.93184,15.33805
-0.37739,39.46975
-0.68222,37.97872
-15.41915,27.99243
-5.97317,37.38283
-16.25462,28.46824
-16.32014,28.4853
2.65024,39.56939
-1.13004,37.98704
-4.88583,36.51543
-4.42034,36.72016
-15.41343,28.09973
-6.13606,36.68645
-3.79028,37.76922
-6.94004,37.26638
-3.60667,37.18817
-0.70107,38.26218
-5.92088,37.28287
-4.77275,37.89155
-0.04935,39.98567
-0.98623,37.60512
-6.2891,36.52672
-6.97061,38.87789
-2.45974,36.83814
-0.48149,38.34517
-5.45051,36.13326
-1.85643,38.99424
-0.87734,41.65606
-2.67268,42.84998
-3.7,40.35
-8.72264,42.23282
-4.72372,41.65518
-3.46973,40.45535
-3.6975,40.45975
2.01667,41.56667
1.25,41.11667
-3.80444,43.46472
2.2081,41.45152
-1.97499,43.31283
2.18982,41.43541
-5.66388,40.96882
2.10942,41.54329
1.10687,41.15612
-3.662,40.39354
-3.76752,40.23604
-1.64323,42.81687
-5.84476,43.36029
-7.86407,42.33669
-3.86496,40.32234
-3.64935,40.40742
2.4445,41.54211
-3.70256,40.4165
-2.45,42.46667
0.62218,41.61674
-5.57032,42.60003
-3.7635,40.32718
-8.396,43.37135
2.10028,41.35967
-3.6411,40.47444
2.15641,41.40237
-5.66152,43.53573
-3.73295,40.30571
-3.79415,40.28419
-3.65132,40.44505
-3.6766,40.46206
-3.70184,42.34106
-2.92528,43.26271
2.15899,41.38879
2.24741,41.45004
-3.82487,40.34582
-3.64197,40.54746
-3.35996,40.48205
2.17727,41.44163
-3.7317,40.43547
2.16179,41.38896
2.1394,41.40104
2.1677,41.41849
2.1546,41.37263
2.19933,41.41814
2.17319,41.38022
-3.69618,40.40021
-3.61537,40.43893
-3.74569,40.38897
-3.70035,40.38866
-3.67975,40.42972
-3.70379,40.43404
-3.7242,40.39094
-3.70275,40.41831
-3.68307,40.41317
-0.90757,41.64928
-3.7314,40.4984
39.26667,8.55
39.47528,13.49667
36.83441,7.67344
37.46667,12.6
41.86611,9.59306
39.63333,11.13333
38.97846,8.75225
37.39077,11.59364
38.47635,7.06205
38.74689,9.02497
25.04099,60.29414
22.26869,60.45148
23.78712,61.49911
25.46816,65.01236
24.93545,60.16952
24.6522,60.2052
4.8795,45.76601
0.70398,47.39484
1.44367,43.60426
5.92836,43.12442
7.74553,48.58392
4.39,45.43389
1.09932,49.44313
-1.67429,48.11198
4.02853,49.26526
2.89541,42.69764
2.3488,48.85341
1.90389,47.90289
4.35788,43.83665
7.26608,43.70313
-1.55336,47.21725
6.18496,48.68439
7.32866,47.75205
3.87635,43.61093
6.17269,49.11911
5.38107,43.29695
4.84671,45.74846
1.24759,45.83362
3.05858,50.63297
0.20471,48.00039
0.10767,49.4938
5.71479,45.17869
5.01667,47.31667
3.08682,45.77969
-0.35912,49.18585
-4.48628,48.39029
2.24128,48.83545
-0.5805,44.84044
6.01815,47.24878
2.24744,48.94788
-0.54774,47.47381
2.3,49.9
5.44973,43.5283
2.01891,48.77186
2.07805,49.03894
8.78151,-0.71933
9.45356,0.39241
-1.08271,53.95763
-2.22001,52.18935
-2.12296,52.58547
-0.55893,51.31903
-2.63706,53.54296
-0.1357,51.4975
-1.9945,52.51868
-0.39602,51.65531
-2.58024,53.39254
-1.98396,52.58528
-1.78116,51.55797
-3.94323,51.62079
-1.81667,52.56667
-0.2,51.35
-1.38222,54.90465
-2.18538,53.00415
-2.15761,53.40979
0.71433,51.53782
-1.40428,50.90395
-0.59541,51.50949
-1.4659,53.38297
1.41667,51.36667
-2.73333,53.45
-1.35678,53.43012
-0.97113,51.45625
-2.70452,53.76282
-1.09125,50.79899
-1.98458,50.71429
-4.14305,50.37153
-0.24777,52.57364
-1.25596,51.75222
-2.1183,53.54051
-1.15047,52.9536
1.29834,52.62783
-0.88333,52.25
-2.99835,51.58774
-1.61396,54.97328
-0.75583,52.04172
-1.23483,54.57623
-1.2,53.13333
-2.23743,53.48095
0.51667,51.26667
-0.41748,51.87967
-0.12574,51.50853
-2.97794,53.41058
-0.53792,53.22683
-1.13169,52.6386
-1.54785,53.79648
-0.33525,53.7446
-0.10304,51.53622
1.15545,52.05917
-1.78416,53.64904
-0.74934,51.62907
0.57292,50.85519
-0.07553,53.56539
-2.2431,51.86568
-4.25763,55.86515
0.54863,51.38914
-3.52751,50.7236
-0.08497,51.65147
-3.19648,55.95206
0.28453,50.76871
-2.97489,56.46913
-2.08333,52.5
-1.13116,53.52285
-1.47663,52.92277
0.16667,51.55
-0.1,51.38333
-0.18312,51.11303
-1.51217,52.40656
0.90421,51.88921
-1.41667,53.25
-2.07972,51.90006
0.46958,51.73575
-3.18,51.48
0.11667,52.2
-1.64263,52.80728
-2.23333,53.8
-2.59665,51.45523
-0.13947,50.82838
-0.3023,51.55306
-1.75206,53.79391
-1.8795,50.72048
-2.43333,53.58333
-3.05,53.81667
-2.48333,53.75
-1.89983,52.48142
-3.01479,53.39337
0.14866,51.44162
-5.92541,54.59682
-0.46632,52.13459
-1.08708,51.26249
0.45782,51.56844
-2.09814,57.14369
-2.44926,52.67659
-2.6266,51.2372
-0.13415,51.56733
44.83368,41.69411
42.69459,42.26791
41.63392,41.64228
-0.10722,5.58365
-0.01657,5.6698
-0.8393,9.40079
-1.76029,4.89816
-1.75773,4.92678
-1.66796,6.20228
-0.16307,5.6658
-1.62443,6.68848
-1.2466,5.10535
-0.32824,5.69775
-0.1969,5.55602
-16.67806,13.43833
-8.8179,7.75624
-12.86576,10.05692
-9.30568,10.38542
-13.67729,9.53795
-13.68778,9.535
8.78166,3.75578
9.76582,1.86391
23.64619,37.94203
23.69187,38.01539
21.73444,38.24444
22.41761,39.63689
23.7,37.95
25.14341,35.32787
23.72784,37.98376
22.93086,40.64361
-90.58544,14.52512
-90.53425,14.48285
-90.64417,14.71889
-91.51806,14.83472
-90.56196,14.50189
-90.60711,14.63077
-90.78581,14.3009
-90.51327,14.64072
-15.59767,11.86357
-58.15527,6.80448
114.11329,22.37137
114.03333,22.45
114.18333,22.31667
114.17469,22.27832
-87.20681,14.0818
-88.025,15.50417
-86.78221,15.75971
-87.8,15.4
-87.95302,15.61444
15.97798,45.81444
16.43915,43.50891
14.44241,45.32673
-72.83037,19.93984
-72.33881,18.54349
-72.86521,18.43117
-72.28528,18.5125
-72.63343,18.5111
-72.53539,18.23427
-72.30278,18.54472
-72.22625,18.57677
-73.74601,18.19331
-72.39922,18.54114
-72.19815,19.75938
20.14824,46.253
21.71671,47.95539
20.77806,48.10306
21.62444,47.53167
19.10549,47.51758
18.41034,47.18995
18.23083,46.0725
19.69128,46.90618
17.63512,47.68333
19.04045,47.49835
19.03605,47.47603
19.08068,47.52978
19.04501,47.54157
99.1625,3.3285
99.8,2.96667
98.6151,3.5765
99.83333,2.1
98.864,3.6253
98.956,3.5679
99.0687,2.9595
99.27146,1.37952
98.66667,3.58333
99.6158,2.9845
98.4854,3.6001
98.6832,3.7755
95.33333,5.54167
110.36472,-7.80139
108.5037,-6.711
110.405,-7.13972
119.43194,-5.14861
127.38424,0.79065
109.1402,-6.8694
108.2207,-7.3274
104.45833,0.91667
105.26111,-5.42917
106.63,-6.17806
110.83167,-7.55611
112.75083,-7.24917
107.91639,-6.85861
106.92667,-6.91806
131.26104,-0.87956
107.51833,-7.03306
114.00976,-7.70623
108.98463,0.90925
115.08818,-8.112
112.7183,-7.4478
106.15417,-6.11528
106.575,-6.11889
110.42083,-6.99306
106.77444,-6.40278
117.14583,-0.49167
110.49278,-7.33194
107.29806,-6.15917
106.2494,-6.3591
109.23444,-7.42139
110.9158,-7.0868
107.44333,-6.55694
113.2159,-7.7543
109.325,-0.03194
108.47278,-6.705
104.23056,-3.43447
109.38263,-6.89193
101.44167,0.51667
109.6753,-6.8886
100.6334,-0.2159
111.038,-6.7559
112.9075,-7.6453
107.7641,-7.1026
106.53028,-6.17028
106.73306,-6.42139
119.6255,-4.0135
106.11377,-2.12914
106.73833,-6.34278
107.81056,-6.28417
119.87083,-0.90833
120.19694,-2.9925
104.7458,-2.91673
113.91667,-2.20833
100.35427,-0.94924
112.4338,-7.4664
105.30667,-5.11306
116.11667,-8.58333
114.8642,-3.4109
124.84892,1.48218
112.6304,-7.9797
110.21778,-7.47056
111.5239,-7.6298
113.2248,-8.1335
102.8614,-3.2945
117.09503,-0.58295
107.6175,-6.81167
112.6947,-7.8353
119.8877,-8.4964
106.37972,-6.13139
110.60639,-7.70583
122.51507,-3.9778
109.64794,-6.97038
112.01667,-7.81667
112.23307,-7.54595
113.69953,-8.17211
103.61667,-1.6
106.84513,-6.21462
108.32,-6.32639
110.81861,-7.60111
123.0625,0.5375
101.44316,1.66711
110.43167,-7.7625
106.81861,-6.4
115.21667,-8.65
106.55639,-6.26583
106.88194,-6.48556
108.557,-6.7063
106.69556,-6.2375
107.5425,-6.87222
107.75278,-6.93889
106.95917,-6.39472
107.15278,-6.26111
107.45583,-6.41972
106.85417,-6.48167
108.3534,-7.3257
106.70083,-6.55472
117.4854,0.1324
106.78917,-6.59444
112.1681,-8.0983
102.26554,-3.80044
106.9896,-6.2349
104.16695,-4.12891
110.7083,-6.4846
114.35755,-8.2325
114.59075,-3.31987
107.58778,-7.04528
112.8186,-7.59939
107.60694,-6.92222
116.82887,-1.26753
108.6311,-6.8017
108.41028,-6.64528
128.18333,-3.69583
109.1325,-6.9375
107.47278,-6.83778
106.50833,-6.23639
106.63806,-6.09889
123.60694,-10.17083
140.71813,-2.53371
104.02491,1.14937
116.89419,-1.24204
106.71789,-6.28862
-6.24889,53.33306
-8.47061,51.89797
35.21633,31.76904
34.78057,32.08088
34.78939,31.97102
34.81199,31.89421
34.81065,32.08227
34.88747,32.08707
34.85992,32.33291
34.77918,32.01034
34.9885,32.81841
34.8338,32.08074
34.7913,31.25181
34.75185,32.02379
34.57149,31.66926
34.64966,31.79213
35.21961,31.78199
77.59632,13.10073
78.13201,20.39324
77.28371,30.12796
78.59784,20.73933
79.58333,18
83.41148,18.11692
83.20161,17.68009
72.81136,19.45591
80.6466,16.50745
77.81092,23.52604
70.36786,20.9077
79.13255,12.9184
73.56299,22.69021
73.81568,15.39585
83.01041,25.31668
73.20812,22.29941
78.55911,17.40577
80.48781,26.54706
73.15,19.21667
75.77643,23.18239
74.74617,13.33467
77.11756,18.39258
73.71346,24.58584
77.1022,13.34136
76.94924,8.4855
76.21667,10.51667
75.78824,26.16638
88.37326,22.74252
80.30181,13.15823
79.07461,12.22662
77.35456,11.11541
79.41989,13.63551
77.6838,8.72742
78.69651,10.8155
79.13909,10.78523
76.83214,29.97323
72.96355,19.19704
77.47772,10.01115
80.12707,12.9246
81.52717,16.81467
79.62045,17.14054
71.64856,22.72706
72.83023,21.19594
82.07269,26.25788
74.46667,27.7
74.80555,34.08565
83.89751,18.2989
77.01937,28.99478
84.35609,26.22096
80.68265,27.56192
75.02898,29.53489
77.16662,31.10442
92.79787,24.82733
75.13996,27.61206
88.36667,22.83333
88.34222,22.75278
75.91044,17.67152
77.66223,25.42378
75.56791,13.93157
91.88313,25.56892
88.42851,26.71004
88.43302,23.24723
79.90918,27.88165
79.55037,22.08503
78.54263,17.50427
76.34408,26.02301
80.82719,24.57726
73.99333,17.68589
74.56417,16.85438
78.56959,28.58498
83.97573,21.46527
78.15538,11.65376
86.59611,25.87498
77.54522,29.9679
78.73874,23.83877
77.89118,29.86632
76.58917,28.89447
78.27539,12.95629
88.34563,22.72394
76.6183,28.199
81.29234,24.53256
84.86414,22.22496
75.04032,23.33033
87.13061,23.6164
85.3094,23.34316
79.02699,28.81014
79.45206,18.80084
81.0289,21.09687
70.79322,22.29161
77.55335,9.45296
81.77784,17.00517
81.63333,21.23333
83.3966,21.89764
88.12449,25.61281
77.35567,16.20546
81.23315,26.2309
76.58469,8.88113
86.36303,23.33062
87.47422,25.77895
85.82494,19.79825
73.85535,18.51957
76.39335,22.23507
78.82141,10.38128
78.54813,14.7502
92.74635,11.66613
69.60929,21.64219
75.92523,10.76695
79.82979,11.93381
73.80696,18.62292
79.80436,28.63124
75.77387,31.22452
85.13563,25.59408
76.3922,30.33625
75.65287,32.27484
72.12963,23.8507
76.77081,19.26855
73.11013,18.98878
76.96825,29.38747
88.37404,22.69089
77.32546,28.14469
80.15025,12.96796
73.32335,25.77276
76.65366,10.77319
72.43827,24.17128
79.45334,25.99023
80.04454,15.50357
82.54826,19.23114
78.0988,18.67154
77.22445,28.63576
79.98697,14.44992
72.92467,20.94237
88.36861,23.4067
73.79096,19.99727
77.09288,28.85267
77.06799,28.67957
78.4836,15.47799
74.24051,21.36671
77.31497,19.16023
79.26707,17.05439
76.97982,28.60922
88.41521,22.89396
79.08491,21.14631
77.43227,8.17899
75.41759,23.45834
72.86157,22.69385
76.63925,12.29791
85.39055,26.12259
77.70332,29.47091
80.39405,23.83776
86.47455,25.37459
84.91656,26.64862
77.99534,26.49892
70.8377,22.81731
78.77684,28.83893
75.16878,30.81383
82.56534,25.1449
79.56247,16.8722
77.70636,28.98002
87.32257,22.42114
83.56111,25.94167
77.67215,27.5035
73.81491,15.38914
74.85603,12.91723
76.89746,12.5223
75.06986,24.07184
75.87949,30.5309
74.53462,20.54966
77.98597,16.74385
78.11953,9.919
80.27847,13.08784
88.44594,22.68944
78.50288,13.5503
81.13888,16.18747
75.85379,30.91204
80.92313,26.83928
77.29023,28.75143
76.56784,18.39721
78.41915,24.69007
80.77935,27.94822
78.03602,15.82887
79.39124,10.96209
86.84372,23.73166
78.41376,17.48486
88.49073,23.40576
75.7804,11.24802
75.83907,25.18254
82.69633,22.3458
74.23167,16.69563
78.12999,13.13768
74.85397,26.59006
77.85535,28.25382
88.37806,22.71861
87.32501,22.33971
76.22196,30.70547
76.35086,21.82427
80.14368,17.24767
87.57044,25.53852
78.95693,29.21399
77.19072,28.65136
76.98448,29.69197
79.12856,18.43915
80.34975,26.46523
79.70006,12.83515
88.37472,22.67111
73.13554,19.2437
82.23809,16.96036
76.39959,29.80153
88.42849,22.95998
70.45981,21.51966
75.57917,31.32556
73.00594,26.26841
76.31502,29.31577
75.39797,28.12559
78.57994,25.45887
70.62347,21.75482
82.68689,25.75356
87.07872,23.70468
86.18545,22.80278
70.06673,22.47292
74.86911,32.73569
86.48888,25.31258
88.73333,26.51667
75.88636,19.84102
75.56602,21.00292
75.78781,26.91962
77.30367,30.16719
79.95006,23.16697
77.76222,22.61477
88.14573,25.00447
75.8333,22.71792
93.9442,24.80805
74.46054,16.69117
78.45636,17.38405
88.39674,22.90877
75.13378,15.34776
77.83264,12.73647
76.3871,15.26954
75.91269,31.53723
77.72736,22.74747
75.72294,29.15394
77.49143,13.82807
85.36162,23.99241
78.05201,27.59551
76.0962,13.00715
78.16025,29.94791
80.13165,27.39491
77.78068,28.72985
88.31857,22.57688
74.32938,29.58182
88.41859,22.93218
79.5286,29.22254
85.20981,25.68544
88.65606,22.84202
78.17337,26.22983
77.02635,28.4601
80.45729,16.29974
77.36244,15.17112
77.3113,24.64691
76.83757,17.33583
80.99555,16.43547
88.8007,22.16547
75.67206,29.44768
83.36889,26.76628
80.19205,21.46026
70.80255,21.96074
81.95332,27.13181
73.61488,22.77547
83.58526,25.58333
77.43915,28.66535
85.00385,24.79686
91.7458,26.1844
76.52933,15.4313
76.71744,26.47249
73.87496,29.92009
72.68333,23.21667
70.13333,23.08333
75.62971,15.42977
74.61311,30.92574
78.39781,27.15092
80.81266,25.92774
79.5793,27.39134
77.31316,28.41124
82.15018,26.77549
79.02133,26.77615
77.72741,11.3428
81.10437,16.71311
87.30801,23.51583
81.27619,21.19147
88.42286,22.63341
73.08333,19.21667
77.98036,10.36896
93.7217,25.91174
94.90837,27.47989
74.77737,20.9013
77.87968,26.69286
77.72035,14.41435
86.42992,23.79759
76.05526,22.96585
83.77936,26.50167
77.23149,28.65195
84.18217,24.90247
78.03392,30.32443
75.92694,14.46693
88.26667,27.03333
85.89707,26.15216
85.04794,25.63705
79.4419,23.83312
85.87927,20.46497
78.82346,14.47995
79.76693,11.75617
76.96612,11.00555
76.26022,9.93988
74.96718,28.30415
74.62403,24.88963
76.40038,14.22262
75.774,13.32231
78.93958,22.05697
79.58871,24.9177
84.74709,25.78031
86.16712,23.63556
79.29523,19.95076
76.7884,30.73629
78.78277,28.45178
88.36796,22.86225
88.36304,22.56263
76.23026,21.30868
77.85773,28.40392
79.12668,28.03811
84.7929,19.31151
71.66671,22.16917
72.85976,19.23496
72.88261,19.07283
85.95644,23.78707
72.96134,20.76957
82.15543,22.08005
73.31495,28.01762
75.71537,16.82442
85.52389,25.20084
77.51524,17.90802
75.78506,21.04365
69.66928,23.25397
85.83385,20.27241
77.40289,23.25469
76.13968,28.79304
73.05881,19.30023
78.78728,26.56671
81.52322,16.54078
74.64081,25.34707
81.4285,21.20919
72.85107,19.30157
72.15331,21.76287
88.40113,22.86643
74.93893,30.20747
72.9805,21.69482
77.49009,27.21731
86.97183,25.24446
88.33841,22.82449
75.70502,13.84846
84.50311,26.80229
76.92398,15.14205
74.50447,15.85212
86.13389,25.41853
74.32028,26.10119
75.20294,31.80921
82.71617,26.78817
75.69275,18.23454
75.5487,30.37451
79.43167,28.36678
87.85691,23.25572
88.48198,22.72154
88.45086,22.22516
88.37727,22.64132
88.36336,22.76602
88.40098,22.95387
87.0716,23.23241
88.83084,23.04553
77.59369,12.97194
80.33491,25.47758
88.77732,25.22099
88.34115,22.64859
86.93348,21.49266
88.32586,22.78498
81.59474,27.57429
88.25155,24.10473
76.93555,28.69287
84.09003,27.09918
73.26553,19.15516
83.18358,26.06832
80.10981,13.1147
75.34226,19.87757
86.98333,23.68333
84.66335,25.55629
77.60813,14.67784
72.9552,22.55251
78.46984,28.90314
74.87534,31.62234
77.75,20.93333
78.71644,12.79163
80.16152,13.09818
76.79782,30.36099
73.16667,19.2
76.625,27.56246
76.3264,9.49004
81.84322,25.44478
78.07464,27.88145
80.20611,13.0025
76.9981,20.70957
74.63867,26.4521
92.71791,23.72894
74.73843,19.09457
72.58727,23.02579
78.01667,27.18333
91.27939,23.83605
77.27495,15.62788
78.5359,19.67203
77.51006,21.25665
74.19552,30.14453
88.10975,22.06046
88.21528,22.50833
74.7057,34.07677
73.01582,19.03681
76.8504,30.69461
73.85263,18.53017
77.53601,28.49615
76.72211,30.67995
77.33,28.58
82.67535,24.19973
89.37558,26.84766
78.55757,17.34769
78.52633,17.44781
83.21667,17.7
78.45818,17.50107
78.30196,17.49313
88.63701,22.86416
79.474,18.755
78.13425,8.76735
75.6167,15.4167
88.4,21.9
77.23117,28.50254
77.06778,28.74322
79.943,18.191
78.95925,11.73379
47.91951,30.0362
43.03935,36.80851
43.88568,34.1959
44.39222,35.46806
44.02488,32.61603
44.01193,36.18333
44.54407,36.6532
42.98845,36.86709
44.60518,33.75403
44.40088,33.34058
47.70175,30.39213
45.4329,35.56496
45.2944,31.33198
43.30778,33.42056
46.25726,31.05799
44.34625,32.02594
43.10555,36.33271
43.11889,36.335
45.81817,32.5128
44.44017,32.05114
44.41963,32.46367
48.47309,29.97421
43.78599,33.34913
47.7804,30.50852
47.14483,31.83561
44.92552,31.99289
44.18477,33.30563
47.81507,30.50316
48.57011,34.79049
47.0553,34.3838
51.57544,35.42867
48.49628,36.67642
54.3675,31.89722
51.6457,35.3242
59.21949,35.27401
51.42151,35.69439
46.2919,38.08
55.6809,29.45137
52.53113,29.61031
50.8572,32.32612
53.39205,35.57691
50.3566,35.0213
53.06009,36.56332
46.2735,36.24992
46.99883,35.31495
57.68191,36.2126
49.58862,37.27611
55.9939,30.4067
58.50955,37.106
50.8764,34.6401
50.0041,36.26877
47.9174,39.6482
45.07605,37.55274
58.79575,36.21329
50.60607,35.95411
46.10961,36.96667
49.3039,31.9364
59.60567,36.29807
52.8025,29.8742
45.7749,38.4329
48.82166,34.30158
45.7222,36.7631
47.60999,33.53335
44.9521,38.5503
48.18428,30.44079
48.35583,33.48778
47.065,34.31417
57.07879,30.28321
50.99155,35.83266
46.4227,33.6374
48.51456,34.79922
54.44391,36.8427
55.16721,37.25004
54.97628,36.41819
50.83657,28.96887
46.2089,36.521
48.7516,33.8973
57.32903,37.47473
59.22114,32.86628
45.8853,35.9975
49.45785,37.47318
56.2808,27.1865
52.6786,36.55102
48.2933,38.2498
49.69809,34.09493
52.35072,36.46961
48.6842,31.31901
48.3043,30.3392
51.36525,32.63464
51.53609,32.6856
51.67462,32.65246
61.4949,31.0306
60.8629,29.4963
60.68476,27.20245
48.47168,34.77772
-21.89541,64.13548
15.66129,38.11047
13.33561,38.13205
15.55256,38.19394
15.07041,37.49223
9.11917,39.23054
11.5475,45.54672
10.98444,45.4299
13.77678,45.64953
7.68682,45.07049
17.24707,40.46438
14.79328,40.67545
12.51133,41.89193
12.56528,44.05755
10.63125,44.69825
11.09699,43.8805
14.20283,42.4584
12.38878,43.1122
10.32618,44.79935
11.88586,45.40797
14.26811,40.85216
9.27246,45.58005
10.92539,44.64783
9.18951,45.46427
12.24538,45.49167
10.32615,43.54427
8.94439,44.40478
15.55188,41.45845
11.24626,43.77925
10.21472,45.53558
11.33875,44.49381
9.66721,45.69601
16.86982,41.12066
12.33078,41.76337
-76.95742,17.99107
-76.88215,17.95032
-76.78319,18.00747
-76.79358,17.99702
35.81831,31.9545
35.85,32.55556
36.08796,32.07275
35.94503,31.95522
35.75279,32.33326
36.04639,32.01778
139.36931,35.44272
135.00687,34.65524
139.39101,35.4879
139.63333,35.88333
133.33333,35.43333
139.66722,35.28361
139.65,35.43333
136.61667,34.96667
130.59952,32.50439
135.6,34.61667
131.46667,34.18333
138.31952,34.86877
139.88333,36.56667
139.88861,35.67056
135.80325,34.89044
138.28161,36.40265
131.25111,33.94306
136.51667,34.73333
137.15,35.08333
135.46932,34.78244
137.4,34.81667
137.38333,34.76667
137.21667,36.7
134.23333,35.5
135.60211,34.50065
139.69171,35.6895
131.81667,34.05
134.56667,34.06667
139.46903,35.79916
139.5383,35.72526
135.61678,34.84833
139.01667,36.33333
135.35697,34.79936
137.01667,36.75
134.05,34.33333
137.13333,35.31667
136.58333,34.88333
135.51567,34.76143
139.79957,35.83643
138.38333,34.98333
130.95,33.95
135.1501,34.2152
137.1,35.23333
129.72502,33.16834
135.22694,34.88444
139.855,38.91667
135.46667,34.58333
130.3,33.23333
139.8,36.3
135.86667,35
139.36667,36.3
135.50218,34.69374
130.45,33.03333
139.24306,35.78389
137.16667,34.95
133.93333,34.65
131.6,33.23333
136.61667,35.35
139.15972,35.25556
138.86667,35.1
139.86793,35.94897
131.66667,32.58333
137.05,34.86667
135.33199,34.71562
133.30522,33.96047
139.00589,37.88637
135.80485,34.68505
127.68333,26.21667
136.90641,35.18147
129.88333,32.75
139.90266,35.8563
138.85,37.45
138.18333,36.65
139.55944,35.70611
135.56667,34.73333
131.41667,31.91667
131.06667,31.73333
138.91667,35.11667
135.47057,34.82691
139.44279,35.49527
137.96667,36.23333
133.05,35.48333
139.90144,35.77995
135.55,34.56667
139.08333,36.4
139.45083,35.54028
135.75385,35.02107
135.96667,35.01667
130.51667,33.31667
132.56658,34.23222
133.76667,34.58333
130.69181,32.80589
139.39004,36.13497
139.78916,35.89035
136.87042,35.33165
136.45088,36.40263
136.91667,35.28333
139.47556,35.70222
138.56667,35.66667
133.53333,33.55
135.183,34.6913
130.85034,33.85181
135.36667,34.46667
139.93254,35.38329
139.33333,36.4
139.71722,35.52056
135.41667,34.81667
139.71072,35.80521
139.48528,35.90861
139.74966,35.98308
136.97229,35.24762
139.97732,35.86224
135.7929,34.50896
136.98333,34.98333
136.61667,36.6
139.55495,35.69423
139.55028,35.30889
134.82905,34.76943
136.86667,35.41667
130.55,31.56667
135.57442,34.7381
135.31667,34.41667
135.43333,34.48333
139.69644,35.96474
132.22,34.16297
135.40126,34.78427
139.2,36.31667
139.31019,35.39932
136.78333,35.25
135.7,34.68333
137.82074,35.51965
136.8,35.3
135.56828,34.81641
131.56667,34.05
132.45,34.4
139.33735,35.32785
135.64914,34.81352
139.40028,35.67306
134.7,34.81667
136.25,35.25
136.93333,34.88333
137.73333,34.7
139.22361,35.37111
139.32389,35.65583
136.76039,35.42291
139.98648,35.70129
133.36667,34.48333
130.41667,33.6
136.22257,36.06443
139.28333,36.2
139.47666,35.34926
138.61667,35.21667
138.26667,34.86667
138.68333,35.16667
135.62033,34.71378
139.54837,35.65924
130.5156,33.49631
139.40434,35.33638
131.49751,33.27945
139.45,36.33333
137.08054,34.95828
135.41667,34.71667
139.61382,35.97145
127.80139,26.33583
139.41212,35.85295
139.60194,35.80472
139.6853,35.815
135.16667,34.23333
132.76574,33.83916
140.36667,38.23333
140.1,36.2
140.86667,38.26667
140.23333,35.71667
140.31667,35.78333
141.15,39.7
140.45,36.35
140.38333,37.4
140.53333,36.38333
140.88333,37.05
141.3,38.41667
140.08333,35.51667
140.65,36.6
140.46667,37.75
140.11667,35.6
140.11667,39.71667
140.01667,35.86667
141.60333,42.63694
141.35,43.06667
141.00222,43.18944
143.20444,42.91722
144.37472,42.975
143.89083,43.80306
140.4725,40.59306
140.73667,41.77583
141.5,40.5
141.55056,43.10806
142.36489,43.77063
140.73333,40.81667
135.62759,34.76615
140.53479,36.39659
138.23642,37.14828
139.65657,35.90807
139.46852,35.75459
136.66958,35.05192
37.06933,-1.03326
36.07225,-0.30719
36.81667,-1.28333
39.66359,-4.05466
40.11692,-3.21799
34.76171,-0.10221
35.26993,0.52036
72.7985,40.52828
74.59,42.87
104.91601,11.56245
104.78498,10.99081
103.86056,13.36179
103.52958,10.60932
103.19822,13.10271
127.44361,39.15278
125.93278,39.43167
125.645,38.75417
125.75583,38.50722
125.75432,39.03385
125.40778,38.7375
126.55444,37.97083
127.61861,39.83167
127.53639,39.91833
125.71472,38.04056
124.39806,40.10056
126.28944,41.15472
126.58523,40.96946
128.17778,41.40167
129.77583,41.79556
127.06169,37.83311
127.94528,37.35139
129.31667,35.53722
127.0474,37.7415
127.38493,36.34913
128.59111,35.87028
127.00889,37.29111
127.48784,34.9505
126.9784,37.566
129.03004,35.10168
126.78306,37.49889
129.36481,36.02917
127.07056,37.15222
126.39181,34.81282
126.83149,35.12725
128.73778,35.82333
129.21167,35.84278
126.91556,35.15472
127.1394,37.5986
126.71139,35.97861
128.336,36.1136
126.835,37.65639
128.88111,35.23417
128.11981,36.12176
128.87239,37.75266
126.95444,35.94389
126.70515,37.45646
127.4425,37.27917
126.8169,37.20682
127.73417,37.87472
127.14889,35.82194
127.48972,36.63722
127.1522,36.8065
128.08472,35.19278
126.52194,33.50972
128.68111,35.22806
126.92694,37.3925
126.82194,37.32361
128.72275,36.56636
127.66215,34.76062
129.10694,37.54389
127.13778,37.43861
127.20556,37.54
127.3075,37.6525
126.86639,37.47722
126.56181,33.25333
127.29223,36.59245
126.91699,35.60004
48.02861,29.33278
48.07611,29.33389
48.08389,29.07694
48.05722,29.25722
52.86192,43.34116
51.36667,51.23333
73.10211,49.80187
51.88333,47.11667
57.20718,50.27969
51.17222,43.64806
67.76667,47.78333
71.36667,42.9
72.96464,50.05494
78.37389,45.01556
69.6,42.3
80.26669,50.42675
63.11677,52.9729
65.50917,44.85278
63.62463,53.21435
69.15,54.86667
76.96667,52.28333
82.60586,49.97143
69.4,53.28333
75.32287,51.72371
71.44598,51.1801
76.92861,43.25667
102.6,17.96667
35.84415,34.43352
35.19389,33.27333
35.37148,33.55751
35.48333,33.9
35.50157,33.89332
35.48389,33.37889
81.2289,8.5778
79.9015,6.8905
79.8358,7.2083
79.87116,6.84019
79.8816,6.773
79.90708,6.88297
80.6336,7.2906
81.83472,7.40902
80.00742,9.66845
79.84868,6.93548
-10.7969,6.30054
27.48333,-29.31667
25.2798,54.68916
23.31667,55.93333
24.35,55.73333
21.13912,55.7068
23.90961,54.90272
24.10589,56.946
26.53333,55.88333
23.95385,32.08963
20.06859,32.11486
20.22625,30.75545
14.56874,32.46739
13.6332,32.43501
13.18733,32.88743
16.58866,31.20892
12.48845,32.79335
14.42832,27.03766
15.09254,32.37535
12.72778,32.75222
12.72764,32.7571
12.37633,32.75718
14.26191,32.64861
12.0612,32.85286
14.4,27.05
-5.36837,35.57845
-6.90656,33.92866
-4.01,34.21
-5.79975,35.76727
-7.61662,33.00103
-6.79846,34.0531
-9.23718,32.29939
-6.83255,34.01325
-1.90858,34.68139
-2.93352,35.16813
-7.38298,33.68607
-5.54727,33.89352
-7.99994,31.63416
-6.15572,35.19321
-5.90378,35.00044
-6.9063,32.88108
-6.5802,34.26101
-4.95473,34.0701
-5.00028,34.03313
-8.50882,33.25682
-7.61138,33.58831
-6.34983,32.33725
-6.06627,33.82404
-3.93723,35.25165
-9.59815,30.42018
-6.74047,33.99722
29.62909,46.84274
28.8575,47.00556
29.47769,46.83156
27.92932,47.76314
19.26361,42.44111
49.40234,-18.1492
43.66667,-23.35
46.31667,-15.71667
47.08569,-21.45267
47.03333,-19.86586
47.53613,-18.91368
21.43141,41.99646
-5.66654,11.31755
-4.18296,14.4843
-8,12.65
94.8712,20.46504
96.43408,18.94291
97.37001,16.91867
98.19151,14.0823
97.03776,20.78919
92.89835,20.14624
96.15611,16.80528
95.22216,18.82464
96.48135,17.33521
95.08438,21.33489
95.3884,21.46002
97.62825,16.49051
95.13583,22.10856
98.60028,12.43954
95.85844,20.87776
96.45683,22.03501
96.08359,21.97473
97.7498,22.9359
95.45705,17.64944
94.73212,16.77919
96.12972,19.745
98.25257,15.82288
106.88324,47.90771
113.54611,22.20056
-15.9785,18.08581
57.47833,-20.29806
57.49889,-20.16194
57.46609,-20.23325
73.50916,4.17521
34.02071,-11.46556
33.78725,-13.96692
35.00854,-15.78499
-99.01093,21.99631
-99.10356,19.25465
-98.95088,19.27032
-99.20329,19.35867
-92.93028,17.98689
-99.11075,19.49392
-96.1429,19.18095
-93.11308,16.75973
-98.36288,20.08355
-99.65324,19.28786
-99.16206,19.29513
-99.19538,19.54005
-99.00507,19.28689
-98.88293,19.51194
-99.21598,19.64388
-97.39735,18.46422
-92.25749,14.90385
-97.87777,22.28519
-98.95038,19.42155
-99.09477,19.66658
-99.99577,20.38886
-96.12535,18.0883
-92.64126,16.73176
-98.28835,26.08061
-98.20346,19.03793
-97.45946,20.53315
-87.07987,20.6274
-98.73329,20.11697
-97.09957,18.85195
-96.72365,17.06542
-99.51639,27.47629
-99.3068,19.64177
-99.23963,19.47851
-97.89997,22.36094
-94.5569,18.00011
-89.61696,20.97537
-97.50417,25.87972
-99.21118,19.33212
-99.17778,18.88139
-96.91589,19.53124
-98.88284,19.31556
-99.06224,19.35529
-99.09778,19.39528
-99.5413,18.34536
-99.06064,19.60492
-99.23075,18.9261
-98.93525,18.8106
-99.17989,19.67052
-99.29089,19.3692
-99.16174,19.3467
-96.92559,18.8842
-94.4447,18.14905
-99.10689,19.62923
-99.14599,23.74174
-99.01483,19.40061
-97.83623,22.27228
-99.12766,19.42847
-91.82991,18.64592
-99.50578,17.5506
-98.90202,19.41687
-88.30381,18.51413
-98.89775,19.26174
-86.84656,21.17429
-90.52554,19.84386
-99.18594,19.48698
-99.25675,19.55793
-99.90891,16.84942
-98.9364,19.61387
-99.15766,19.3984
-99.10499,19.44361
-99.20024,19.43411
-99.14612,19.44506
-99.35016,19.35985
-99.01,19.68028
-99.16944,19.60833
-103.38479,20.72356
-102.28387,19.9855
-102.58141,22.76843
-103.73778,19.26722
-102.05644,19.41116
-103.41898,25.54389
-103.23423,20.62445
-103.29327,20.64091
-117.00371,32.5027
-104.89569,21.50951
-100.93792,22.18912
-100.45813,25.67325
-100.30222,25.74167
-114.77186,32.45612
-100.97916,22.14982
-101.0053,25.42321
-101.19154,20.57196
-100.38806,20.58806
-105.23018,20.617
-100.52353,28.70007
-109.44372,27.07028
-101.18443,19.70078
-100.31847,25.67507
-101.42056,26.90687
-115.45446,32.62781
-106.4062,23.2329
-104.34214,19.11695
-108.99808,25.79302
-101.67374,21.12908
-110.3005,24.14437
-100.09582,25.64724
-101.35628,20.67675
-105.6664,26.93022
-110.94217,31.30862
-110.97732,29.1026
-110.89755,27.91928
-100.25646,25.67678
-102.51874,22.74753
-103.39182,20.66682
-103.49588,25.56985
-100.31791,25.79698
-100.40651,25.6604
-102.87136,23.18126
-116.60071,31.87149
-104.65756,24.02032
-107.38782,24.79032
-106.86319,28.40884
-103.72714,19.24997
-109.94083,27.48642
-106.46084,31.72024
-105.47012,28.19013
-100.95217,29.32322
-106.08889,28.63528
-100.8157,20.52353
-100.18839,25.78195
-102.28259,21.88234
-99.1564,19.3727
-99.16204,19.38611
102.9325,1.8548
103.878,1.4726
103.65779,1.53741
103.7578,1.4655
103.31689,2.03046
102.5689,2.0442
101.53281,3.08507
101.44333,3.03667
116.0724,5.9749
118.32897,5.02298
118.1179,5.8402
117.89115,4.24482
100.56177,5.36499
100.73333,4.85
101.0829,4.5841
103.1408,5.3302
102.2405,2.196
101.9381,2.7297
101.7498,2.6931
100.36382,5.3991
100.4667,5.36301
100.49849,5.48032
100.33543,5.41123
101.5767,3.3213
101.60671,3.10726
101.68653,3.1412
101.76667,3.15
103.326,3.8077
100.48772,5.647
110.33333,1.55
111.81667,2.3
100.36014,6.12104
102.24333,6.12361
113.03333,3.16667
113.99163,4.39928
100.27348,5.32699
101.53333,3.15
101.58062,3.04384
33.64417,-25.05194
33.58667,-16.15639
31.99528,-25.44278
36.88833,-17.87861
40.51775,-12.97395
39.2666,-15.11646
40.68538,-14.56257
35.34722,-23.85972
32.45889,-25.96222
32.58322,-25.96553
35.65056,-14.3525
35.24056,-13.31278
33.48333,-19.11639
34.83889,-19.84361
17.08323,-22.55941
8.9881,13.80716
2.1098,13.51366
7.10174,13.5
7.99111,16.97333
7.7227,11.11128
5.75006,5.51737
7.9335,5.05127
6.33333,6.7
7.49461,5.52491
8.08098,5.80865
7.17939,9.18059
5.24322,13.06269
3.39393,8.66762
3.64633,6.8485
5.67666,5.89405
7.0134,4.77742
10.95229,9.98433
3.93125,7.85257
5.58681,7.1962
7.03325,5.48363
4.55698,7.77104
6.78569,6.14978
4.83528,7.09316
7.08368,4.74215
7.35056,5.82917
6.23589,7.55122
4.72074,8.14911
7.39577,6.85783
6.91729,6.01962
6.83042,6.15038
10.45536,12.87695
13.26701,10.26858
4.26031,7.38299
6.54776,9.61524
8.52139,7.73375
13.15712,11.84692
4.09152,6.40948
3.39467,6.45407
5.41641,8.85299
8.51532,8.4939
3.85196,9.08297
7.60177,12.99082
8.51672,12.00012
7.43879,10.52641
8.89212,9.92849
12.45819,9.27949
11.3596,8.89367
4.18156,7.63527
5.42333,7.46478
4.32981,7.84855
4.54214,8.49664
4.48557,7.84036
4.74161,7.62789
4.90421,8.01714
7.71481,5.18194
4.66741,7.91283
4.1863,7.36983
5.23041,7.49748
3.34205,6.59651
5.06716,7.81514
3.91731,6.81944
3.99938,6.97198
3.75628,8.83784
3.90591,7.37756
10.04115,12.45347
6.66412,12.17024
11.16729,10.28969
4.35351,7.47734
11.04057,12.87398
7.31174,11.52351
8.25341,4.80293
7.49883,6.44132
4.31419,7.90292
4.92235,7.65649
3.48818,6.60086
8.32695,4.95893
6.86236,4.73614
4.1975,12.45389
6.0099,9.08044
5.62575,6.33815
9.84388,10.31032
13.68952,11.52134
10.19069,11.67478
7.07199,6.21269
6.74768,6.01277
7.83829,5.78917
5.19312,7.25256
5.22087,7.62329
7.49508,9.05785
3.34509,7.15571
8.11368,6.32485
7.36667,5.10658
9.66407,11.55965
-85.91747,12.92559
-86.09417,11.97444
-86.2504,12.13282
-86.87804,12.43787
-87.13105,12.62937
6.09444,52.5125
4.49306,52.0575
4.81356,52.45313
5.12222,52.09083
5.0913,51.55551
5.30417,51.69917
4.29861,52.07667
4.47917,51.9225
5.85278,51.8425
5.68889,50.84833
4.49306,52.15833
4.68889,52.3025
4.63683,52.38084
6.56667,53.21917
6.89583,52.21833
5.47778,51.44083
4.67361,51.81
4.77596,51.58656
5.91111,51.98
5.96944,52.21
4.88969,52.37403
5.3875,52.155
5.21413,52.37025
10.39506,63.43049
5.73332,58.97005
10.74609,59.91273
5.32415,60.39299
83.96851,28.26689
85.31417,27.67658
85.3206,27.70169
87.27972,26.81436
84.8808,27.01709
87.27007,26.45505
84.43589,27.6768
174.77557,-41.28664
174.75,-36.8
174.87986,-36.99282
174.91667,-41.21667
175.28333,-37.78333
170.50361,-45.87416
172.63333,-43.53333
174.76349,-36.84853
176.16667,-37.68611
56.70937,24.34745
54.09237,17.01505
58.40778,23.58413
56.51572,23.22573
58.39982,23.57769
57.43861,23.84944
58.18911,23.67027
-79.47068,9.05032
-79.51973,8.9936
-79.45,9.05
-80.45153,-3.56694
-79.02998,-8.11599
-80.68528,-4.90389
-74.55387,-8.37915
-80.63282,-5.19449
-73.25383,-3.74912
-76.24223,-9.93062
-78.57833,-9.08528
-79.84088,-6.77137
-78.50027,-7.16378
-70.25362,-18.01465
-77.00742,-12.13588
-70.0199,-15.8422
-77.02824,-12.04318
-70.13333,-15.5
-75.72861,-14.06777
-75.20486,-12.06513
-71.96734,-13.52264
-76.13235,-13.40985
-77.11814,-12.05659
-74.22321,-13.15878
-71.535,-16.39889
-76.97335,-12.05048
-80.66927,-5.18591
-76.99876,-12.08911
147.15089,-9.47723
122.07389,6.91028
120.57111,15.97611
121.72285,17.61577
123.6386,10.3773
121.13285,14.55883
120.59794,15.48017
120.9389,14.6753
123.84944,10.24472
125.8046,7.4475
121.0792,14.5243
125.00472,11.24333
120.97137,14.21567
120.5675,15.16222
121.5487,16.68808
121.11139,14.31222
121.4161,14.2814
121.0473,14.3595
121.3256,14.0683
121.1236,14.6982
121.0333,14.6
121.04528,14.81389
121.06761,12.35275
120.68445,15.03425
122.75111,11.58528
121.0509,14.6488
121.07643,14.27324
118.73528,9.73917
121.00144,14.53748
125.00639,11.25111
123.437,7.8257
124.6075,11.00639
120.28278,14.82917
120.95,14.66667
123.18139,13.61917
123.4782,7.8275
121.19993,14.76011
120.96083,14.73694
126.21655,6.95508
124.28395,8.0034
124.21667,8.16667
122.97889,10.63111
120.9822,14.6042
123.92222,10.32361
121.0409,14.5832
120.81039,14.8443
121.03269,14.55027
120.57117,15.22303
121.61722,13.93139
121.1631,13.9411
125.50194,8.94417
123.74073,13.14125
120.98278,14.45056
123.94944,10.31028
120.5957,18.1978
124.84694,6.50306
122.81423,9.9839
121.00222,6.05222
120.93667,14.42972
122.56444,10.69694
124.4,8.25
124.24344,8.2289
120.73271,14.83413
120.97844,14.8361
125.17167,6.11278
123.30261,9.30722
125.35722,6.74972
125.61278,7.07306
120.93667,14.32944
120.33325,16.04313
124.24639,7.22361
123.89071,10.31672
120.89878,14.48369
120.96788,14.64953
121.16528,14.21167
121.1222,14.5786
124.64722,8.48222
123.288,10.9465
121.1262,14.2726
120.96648,15.48586
125.54361,8.94917
120.66288,15.08262
124.43972,7.20417
121.1929,14.4646
121.08071,14.34267
121.0584,13.7567
120.89694,14.95472
120.59306,16.41639
122.83333,10.53333
120.93851,14.45896
122.95,10.66667
121.12251,14.62578
120.58333,15.15
124.475,7.16083
121.0614,14.58691
68.75915,27.52948
74.12,32.44324
72.3556,30.0445
72.2863,33.99047
68.71745,25.4605
68.66196,25.76818
68.85889,27.70323
74.53134,32.49268
68.63823,27.95558
73.98556,31.71287
73.48531,31.5709
72.67418,32.08586
73.10186,30.66595
70.12652,28.3091
73.0479,33.59733
70.30345,28.41987
67.00141,30.18414
71.57849,34.008
73.38944,30.34314
73.45155,30.81029
73.75187,33.14782
68.40369,26.23939
71.19379,30.07258
73.47082,34.37002
74.25772,31.80258
71.47824,30.19679
69.01255,25.5276
72.36265,34.7795
72.04965,34.19794
73.49123,32.58704
67.20591,24.94343
68.21204,27.55898
74.35071,31.558
73.9022,33.51836
70.96699,30.46907
71.44929,33.58196
66.61096,27.81193
72.3525,32.29667
70.65694,28.64739
74.45025,31.11866
67.0104,24.8608
74.22304,31.97526
72.64607,30.72708
73.73102,32.93448
72.31687,31.26981
73.41868,31.3332
68.43761,28.28187
73.04329,33.72148
68.37366,25.39242
73.68802,32.07095
74.07542,32.5742
74.18705,32.15567
72.68323,31.14926
73.08969,31.41554
70.9017,31.83129
70.64029,30.04587
74.35039,32.32422
67.7769,26.73033
72.85772,29.79713
72.97836,31.72091
72.85394,32.93286
72.65,30.16667
74.07846,32.97465
73.02329,34.67719
71.6752,29.39779
73.25272,29.99835
71.25771,29.14269
73.21168,34.1463
73.39083,30.55083
20.98869,52.2401
21.01178,52.22977
20.98698,50.01381
21.04845,52.29185
21.01644,52.22904
21.99901,50.04132
21.14714,51.40253
20.49416,53.77995
21.03487,52.1934
22.56667,51.25
20.62752,50.87033
20.93531,52.29242
23.16433,53.13333
20.90844,52.2546
15.50643,51.93548
18.78576,50.32492
17.03333,51.1
19.0678,52.64817
16.28432,50.77141
18.96641,50.13717
18.59814,53.01375
14.55302,53.42894
19.10385,50.28682
18.54179,50.09713
18.85632,50.2584
16.92993,52.40692
19.70638,52.54682
17.92533,50.67211
19.47395,51.77058
16.1619,51.21006
19.93658,50.06143
16.17222,54.19438
19.02754,50.25841
18.09102,51.76109
15.22878,52.73679
18.67658,50.29761
18.53188,54.51889
18.64912,54.35227
19.40884,54.1522
19.20479,50.33394
19.12409,50.79646
18.9742,50.30582
18.93282,50.34802
18.00762,53.1235
19.04686,49.82245
21.05041,52.15051
21.08545,52.24424
-66.15572,18.39856
-65.95739,18.38078
-66.62398,18.01031
-66.10572,18.46633
34.24357,31.29722
34.30627,31.34018
34.48347,31.5272
34.46672,31.50161
35.25444,32.22111
35.0938,31.52935
35.23388,31.78336
-8.8882,38.5244
-9.25451,38.75657
-9.13333,38.71667
-16.92547,32.66568
-9.23083,38.75382
-8.61099,41.14961
-8.41955,40.20564
-8.42005,41.55032
-57.50879,-25.33968
-57.60647,-25.34682
-57.52167,-25.3386
-54.61111,-25.50972
-57.44545,-25.3552
-57.647,-25.28646
51.42444,25.29194
51.53096,25.28545
55.4504,-20.88231
24.55747,46.54245
21.22571,45.75372
26.25,47.63333
24.15,45.8
22.86255,47.79926
24.36667,45.1
26.01667,44.95
24.86667,44.85
26.33333,46.91667
21.91833,47.0458
27.6,47.16667
28.05028,45.43687
22.65288,44.62693
23.8,44.31667
28.63432,44.18073
23.6,46.76667
26.83333,45.15
26.10626,44.43225
25.60613,45.64861
27.97429,45.27152
26.66667,47.75
23.56808,47.65729
26.91384,46.56718
21.31667,46.18333
26.04831,44.49239
26.13321,44.4528
26.16874,44.4234
26.12085,44.37571
26.07144,44.38808
26.01649,44.43579
20.40116,44.8458
21.90333,43.32472
20.91667,44.01667
20.34972,43.89139
20.46513,44.80401
19.83694,45.25167
37.56846,55.65608
37.76667,55.61667
59.65083,55.17111
37.85,55.7
38.01684,55.744
37.18139,55.9825
47.89078,56.63877
38.50169,52.62366
37.51991,55.60686
39.87368,57.62987
37.81178,55.70196
39.1843,51.67204
44.77973,48.78583
39.88398,59.2239
44.50183,48.71939
42.15139,47.51361
40.39658,56.13655
44.66778,43.03667
37.81952,55.72393
30.54517,56.34
48.38657,54.32824
53.68348,63.56705
55.96779,54.74306
35.90057,56.85836
37.61822,54.19609
37.48496,55.65625
49.3461,53.5303
37.49338,55.62047
41.44326,52.73169
38.89688,47.23617
37.66667,55.73333
48.4681,53.1585
50.815,61.664
37.41224,55.81838
55.95015,53.62462
41.9734,45.0428
37.84167,51.29667
37.38115,55.63711
56.7685,59.6316
39.72569,43.59917
32.0401,54.7818
37.45,55.8
37.97218,55.92497
40.21443,47.70911
39.8302,64.5635
37.54889,55.93583
37.41114,54.91578
38.13333,56.3
46.00861,51.54056
45.1749,54.1838
30.31413,59.93863
50.15,53.20007
55.90773,53.38365
38.84259,58.0446
39.6916,54.6269
39.72328,47.23135
37.5,55.7
43.05944,44.04861
37.86667,56.01722
28.3496,57.8136
37.55472,55.42419
37.76667,55.73333
34.34691,61.78491
59.94361,56.90528
56.25017,58.01046
37.33583,55.64528
45.00464,53.20066
58.56685,51.20487
55.0988,51.7727
36.07849,52.96508
38.96178,55.80672
37.68333,55.61667
53.47103,54.48147
37.27773,55.67798
37.44654,55.68432
36.61006,55.09681
37.75,55.7
37.58333,55.7
58.32665,51.20301
37.76752,44.72439
38.2846,54.0105
49.9462,53.0959
40.09185,47.42096
47.47755,56.11095
31.27104,58.52131
38.4438,55.86647
59.965,57.91944
44.00205,56.32867
51.82447,55.63657
41.9444,44.6333
54.2661,56.092
44.77323,43.22597
43.61889,43.49806
52.41122,55.72545
37.73076,55.91163
42.0426,55.575
33.09251,68.97917
37.61556,55.75222
40.10583,44.60778
37.71667,55.65
47.50236,42.97638
59.04722,53.41861
37.76005,55.67738
37.89322,55.67719
39.57076,52.60311
37.65032,55.6254
37.8,55.7
36.18735,51.73733
38.97603,45.04484
37.55,55.75
41.31917,56.35722
40.92686,57.76647
30.58856,59.75069
38.77833,55.07944
42.72083,43.91333
49.66007,58.59665
37.47137,55.78363
37.42969,55.89704
46.58766,43.2509
49.12214,55.78874
45.41601,50.09833
36.27542,54.5293
37.82556,55.91417
20.51095,54.70649
37.80165,55.78677
53.20448,56.84976
37.83333,55.76667
40.97139,56.99719
45.68895,43.31195
37.81306,55.82299
52.658,58.1393
46.10528,51.48389
44.25583,46.30778
38.44671,55.78959
43.45539,56.24143
49.61838,54.21386
48.28987,42.06779
42.05778,44.22333
37.9,59.13333
37.56135,55.66473
47.25194,56.13222
34.37167,53.25209
37.76438,55.63755
37.71617,55.81353
37.67781,55.58635
37.6,55.88333
56.8204,59.4091
36.58015,50.61074
39.75181,47.13975
37.95806,55.80945
47.8007,52.02782
48.04076,46.34968
43.83992,55.39485
41.1234,44.9892
40.5433,64.5401
52.3154,54.90442
60.6122,56.8519
65.52722,57.15222
84.97437,56.49771
68.25457,58.19807
73.41667,61.25
81.20613,51.51473
86.719,53.9059
73.36859,54.99244
75.43728,63.19309
82.9346,55.0415
87.1099,53.7557
88.2027,69.3535
76.5531,60.9344
72.60349,61.09979
60.10833,55.045
88.06028,53.69417
86.1737,54.6567
94.45338,51.71081
65.33333,55.45
92.86717,56.01839
86.6621,53.99
86.08333,55.33333
95.7175,56.20167
61.9329,56.4185
61.42915,55.15402
85.20722,52.53639
83.76361,53.36056
90.4993,56.2694
91.42917,53.71556
84.88639,56.60056
129.73306,62.03389
131.87353,43.10562
102.66194,58.00056
131.94578,43.80291
107.60627,51.82721
132.87348,42.81384
137.00995,50.55034
135.08379,48.48271
104.29639,52.29778
113.50087,52.03171
127.5405,50.27961
132.18887,43.3595
103.88639,52.53667
101.61417,56.1325
135.13329,48.43776
142.73603,46.95407
158.65076,53.04444
37.59519,55.59072
37.72639,55.61252
30.31154,59.96567
30.25377,59.94091
30.3899,59.99675
30.47607,59.97305
30.28484,59.90839
30.39471,60.01375
30.36072,59.93111
30.05885,-1.94995
38.0618,24.08954
36.57151,28.3998
39.58572,24.49258
40.20641,29.96974
44.12766,17.49326
39.82563,21.42664
42.73333,18.3
42.55111,16.88917
39.18624,21.49012
41.69073,27.52188
45.97077,28.43279
43.97497,26.32599
40.41583,21.27028
46.72185,24.68773
41.03808,30.97531
37.34282,31.33176
49.59028,25.40768
39.61417,24.46861
50.20833,26.27944
47.33457,24.15541
49.62251,27.0174
49.58764,25.36467
50.10326,26.43442
42.50528,18.21639
33.51989,14.40118
32.47773,15.64453
33.93117,13.1483
33.56718,13.56907
32.73999,13.18087
24.88069,12.04888
32.66347,13.1629
36.39998,15.45099
37.21644,19.61745
33.98638,17.70217
28.43333,12.7
30.21669,13.18421
35.38344,14.03493
32.9891,14.2459
32.53241,15.55177
22.44725,13.45262
25.34936,13.62793
26.12583,11.46186
33.97205,17.59898
34.3592,11.7891
25.14026,11.27543
16.55276,59.61617
17.63889,59.85882
18.06871,59.32938
17.95093,59.42804
18.07577,59.31278
15.2066,59.27412
13.00073,55.60587
15.62157,58.41086
12.69437,56.04673
11.96679,57.70716
103.85007,1.28967
103.78877,1.43801
14.50513,46.05108
21.25808,48.71395
17.10674,48.14816
-11.19025,7.87687
-13.2356,8.48714
-11.73833,7.96472
-16.27326,12.56801
-15.88333,14.85
-16.23333,14.63333
-16.96667,14.78333
-16.92602,14.78944
-16.48962,16.01793
-17.39071,14.76457
-16.07259,14.15197
-17.44406,14.6937
45.34375,2.03711
44.77166,1.71594
42.54536,-0.35817
42.74497,0.06968
44.065,9.56
45.01432,10.43959
43.6498,3.11383
-55.16682,5.86638
27.57081,9.01222
27.98972,7.70111
31.66049,9.53342
31.58247,4.85165
-89.13989,13.71024
-89.55972,13.99417
-89.18718,13.68935
-88.18333,13.48333
-89.27972,13.67694
-89.188,13.72397
-89.17917,13.80722
36.63393,35.93062
36.72339,34.72682
36.75783,35.13179
37.16117,36.20124
36.4027,33.57175
36.29128,33.5102
40.14084,35.33588
39.00788,35.95283
35.79011,35.53168
37.5157,36.37051
31.38004,-26.49884
18.38331,9.14555
15.0444,12.10672
16.07722,8.57437
1.13333,8.98333
1.22154,6.12874
1.18611,9.55111
99.33311,9.14011
99.96667,8.43333
99.49277,18.29232
98.98468,18.79038
102.78589,17.41567
104.84866,15.23844
100.93111,13.17372
100.59675,13.59934
101.25798,12.68095
100.53362,13.65855
100.25858,16.82481
100.49883,13.91301
100.51477,13.86075
102.10196,14.97066
100.04427,13.8196
100.50144,13.75398
102.833,16.44671
100.64578,14.06467
100.47668,7.00836
100.98345,13.3622
68.77905,38.53575
69.62216,40.28256
125.57361,-8.55861
58.38333,37.95
59.96661,41.83625
61.83031,37.59378
63.57861,39.07328
10.16579,36.81897
10.63699,35.82539
10.76028,34.74056
10.0982,33.88146
9.87391,37.27442
10.09633,35.6781
39.75519,37.22349
43.38323,38.49457
29.4058,38.67351
38.79392,37.16708
27.6997,38.49533
34.89277,36.91766
39.31667,37.75503
37.01611,39.74833
41.94134,37.9293
36.24778,37.07417
28.32225,37.91631
34.63886,36.81196
27.42647,38.61202
38.31667,38.35018
29.98333,39.42417
32.48464,37.87135
40.57723,37.18836
33.50639,39.84528
35.48528,38.73222
33.215,37.18111
36.92641,37.5847
27.13838,38.41273
30.55222,37.76444
36.17347,36.58718
37.3825,37.05944
30.52056,39.77667
41.27694,39.90861
39.49015,39.73919
39.22321,38.67431
40.21721,37.91363
29.0875,37.77417
41.13221,37.88738
27.88611,39.64917
27.83963,37.84501
30.69556,36.90812
36.15722,36.20655
32.85427,39.91987
31.99982,36.54375
34.02537,38.37255
30.54333,38.75667
38.27629,37.76441
35.32531,36.98615
32.73083,39.96833
31.79305,41.45139
28.90417,40.99441
29.01366,41.02274
29.12476,41.01643
36.08111,40.3875
39.72694,41.005
36.55444,40.31389
27.51101,40.9781
28.98717,41.06046
36.3361,41.27976
37.89047,40.97782
28.40866,40.03815
29.15507,40.93567
29.92928,40.76499
28.94966,41.01384
29.51333,40.07806
29.43068,40.80276
28.67732,41.02697
28.87619,41.0435
26.55597,41.67719
29.81472,40.75694
34.95333,40.54889
27.8,41.15917
29.06013,40.19559
27.97667,40.35222
28.85671,41.03903
28.7402,41.18355
30.40333,40.78056
29.1167,40.9833
28.80203,41.09307
28.6399,40.982
28.58502,41.02072
32.86268,39.9179
28.8598,41.00231
28.86847,41.10652
29.27067,40.96072
29.23187,41.00244
27.1352,38.37396
30.76498,36.89157
29.04236,37.80544
120.54333,23.70944
120.57608,23.95671
121.53185,25.04776
120.21333,22.99083
120.6839,24.1469
121.46719,25.01427
120.66387,23.91566
120.31333,22.61626
121.60444,23.97694
120.96861,24.80361
121.7419,25.12825
121.29696,24.99368
39.19793,-6.16394
39.09875,-5.06893
32.82663,-5.01622
33.42118,-3.66393
32.9,-2.51667
33.8,-1.5
37.33333,-3.35
37.66122,-6.82102
33.45,-8.9
29.62667,-4.87694
33.61667,-9.23333
35.7,-7.76667
35.73947,-6.17221
39.26951,-6.82349
36.68333,-3.36667
35.65,-10.68333
28.67669,50.26487
35.11714,47.85167
33.36655,45.20091
38.21137,48.23331
28.46871,49.2322
22.2947,48.6242
25.59067,49.55404
38.49166,48.94832
34.80029,50.9216
37.61667,48.86667
34.11079,44.95719
33.52134,44.60795
26.22743,50.62308
34.55367,49.58925
35.86878,48.53214
30.74383,46.48572
34.39126,47.56826
31.99296,46.97625
35.38196,46.84735
37.54131,47.09514
37.92576,48.04782
24.02324,49.83826
25.34244,50.75932
39.31706,48.56705
38.44207,48.90485
30.5238,50.45466
33.39404,47.90572
33.40484,49.06253
37.55629,48.72305
32.26618,48.50834
26.97936,49.41835
32.61458,46.63695
36.25272,49.98081
36.47542,45.35675
24.71248,48.92312
38.05325,48.33576
37.80224,48.023
35.04066,48.46664
34.60617,48.51716
25.93241,48.29045
31.28487,51.50551
32.05738,49.44452
30.11209,49.80939
36.78815,46.75578
38.81669,48.46893
32.89985,2.2499
32.58219,0.31628
32.29899,2.77457
-86.80249,33.52066
-86.58594,34.7304
-88.04305,30.69436
-86.29997,32.36681
-92.28959,34.74648
-77.03637,38.89511
-82.28592,27.9378
-81.94953,26.56285
-82.8001,27.96585
-80.2706,26.27119
-80.2331,26.06287
-80.14338,26.12231
-82.32483,29.65163
-80.27811,25.8576
-80.14949,26.0112
-81.65565,30.33218
-81.9498,28.03947
-80.19366,25.77427
-80.2456,25.94204
-80.23227,25.98731
-81.37924,28.53834
-80.58866,28.03446
-80.22394,26.00315
-80.12477,26.23786
-80.35033,27.29393
-82.67927,27.77086
-84.28073,30.43826
-82.45843,27.94752
-80.05337,26.71534
-83.37794,33.96095
-84.38798,33.749
-84.98771,32.46098
-84.37854,33.92427
-81.09983,32.08354
-89.64371,39.80172
-87.55585,37.97476
-86.15804,39.76838
-94.62746,39.11417
-94.81913,38.8814
-94.67079,38.98223
-95.67804,39.04833
-97.33754,37.69224
-82.69238,38.45647
-84.47772,37.98869
-84.45855,38.0498
-85.75941,38.25424
-82.70905,38.41258
-91.18747,30.44332
-92.01984,30.22409
-90.15285,29.98409
-90.16396,29.97854
-90.07507,29.95465
-93.75018,32.52515
-76.61219,39.29038
-92.33407,38.95171
-94.35523,39.09556
-94.41551,39.09112
-94.57857,39.09973
-90.19789,38.62727
-93.29824,37.21533
-90.18481,32.29876
-78.78112,35.79154
-80.84313,35.22709
-78.89862,35.99403
-78.87836,35.05266
-79.79198,36.07264
-80.00532,35.95569
-78.63861,35.7721
-78.66389,35.78682
-77.94471,34.22573
-80.24422,36.09986
-84.51439,39.12711
-82.99879,39.96118
-84.19161,39.75895
-95.79082,36.0526
-97.43948,35.22257
-97.51643,35.46756
-95.99277,36.15398
-75.16379,39.95233
-79.93092,32.77657
-81.03481,34.00071
-79.97481,32.85462
-85.30968,35.04563
-87.35945,36.52977
-85.24912,35.06535
-83.92074,35.96064
-90.04898,35.14953
-86.39027,35.84562
-86.78444,36.16589
-90.05676,35.08676
-99.73314,32.44874
-97.10807,32.73569
-97.74306,30.26715
-94.10185,30.08605
-97.49748,25.90175
-96.89028,32.95373
-96.33441,30.62798
-97.39638,27.80058
-96.80667,32.78306
-97.13307,33.21484
-97.32085,32.72541
-96.82361,33.15067
-96.63888,32.91262
-96.99778,32.74596
-95.36327,29.76328
-96.94889,32.81402
-97.7278,31.11712
-99.50754,27.50641
-96.99417,33.04623
-98.23001,26.20341
-96.61527,33.19762
-96.59916,32.7668
-95.2091,29.69106
-95.28605,29.56357
-96.69889,33.01984
-96.72972,32.94818
-97.6789,30.50826
-98.49363,29.42412
-95.30106,32.35126
-97.14667,31.54933
-98.49339,33.91371
-77.04692,38.80484
-77.10428,38.88101
-76.27494,36.81904
-76.33161,37.03737
-76.34522,37.02987
-76.46965,37.08339
-76.28522,36.84681
-77.46026,37.55376
-75.97799,36.85293
-72.68509,41.76371
-72.92816,41.30815
-73.54346,41.13815
-73.53873,41.05343
-73.0515,41.55815
-91.64407,42.00833
-90.57764,41.52364
-93.60911,41.60054
-88.32007,41.76058
-87.65005,41.85003
-88.28119,42.03725
-88.0834,41.52519
-88.14729,41.78586
-89.58426,40.71754
-89.58899,40.69365
-89.094,42.27113
-85.12886,41.1306
-86.25001,41.68338
-71.05977,42.35843
-71.10561,42.3751
-71.31617,42.63342
-71.04949,42.33343
-72.58981,42.10148
-71.80229,42.26259
-83.74088,42.27756
-83.04575,42.33143
-85.66809,42.96336
-84.55553,42.73253
-83.0302,42.58031
-83.01304,42.49044
-93.26384,44.97997
-92.4699,44.02163
-93.09327,44.94441
-96.7898,46.87719
-96.66696,40.8
-95.94043,41.25626
-71.45479,42.99564
-74.4121,40.51872
-74.2107,40.66399
-74.07764,40.72816
-74.17237,40.73566
-74.17181,40.91677
-78.79976,42.97839
-73.93014,40.77205
-73.99681,40.63399
-73.86641,40.84985
-73.94958,40.6501
-78.87837,42.88645
-73.91875,40.69427
-73.86014,40.74705
-73.93042,40.65371
-73.88236,40.66677
-73.87791,40.73649
-73.96514,40.5976
-73.94542,40.80788
-73.80569,40.69149
-73.96625,40.78343
-74.00597,40.71427
-73.83652,40.68149
-77.61556,43.15478
-73.94458,40.59122
-74.13986,40.56233
-76.14742,43.04812
-73.93541,40.8501
-73.89875,40.93121
-81.51901,41.08144
-81.69541,41.4995
-83.55521,41.66394
-75.49018,40.60843
-79.99589,40.44062
-71.41283,41.82399
-96.70033,43.54997
-88.01983,44.51916
-89.40123,43.07305
-87.90647,43.0389
-73.18945,41.17923
-111.84125,33.30616
-112.13488,33.68393
-111.78903,33.35283
-112.18599,33.53865
-112.17765,33.50199
-111.82264,33.42227
-112.23738,33.5806
-112.07404,33.44838
-111.89903,33.50921
-112.33322,33.63059
-111.90931,33.41477
-111.94348,33.41421
-110.92648,32.22174
-117.9145,33.83529
-121.80579,38.00492
-119.01871,35.37329
-122.27275,37.87159
-118.30897,34.18084
-117.35059,33.15809
-122.40858,37.7966
-117.0842,32.64005
-119.70292,36.82523
-122.03107,37.97798
-117.56644,33.87529
-117.91867,33.64113
-122.46192,37.70577
-118.13257,33.94001
-118.17202,34.0239
-116.96253,32.79477
-118.02757,34.06862
-121.37162,38.4088
-117.08642,33.11921
-122.03997,38.24936
-117.43505,34.09223
-121.98857,37.54827
-119.77237,36.74773
-117.92534,33.87029
-117.94145,33.77391
-118.25508,34.14251
-122.0808,37.66882
-118.32674,34.09834
-117.99923,33.6603
-118.35313,33.96168
-117.82311,33.66946
-118.30091,34.05779
-118.13674,34.69804
-118.18923,33.76696
-118.24368,34.05223
-120.99688,37.6391
-117.23059,33.93752
-117.21392,33.55391
-118.08173,33.90224
-122.2708,37.80437
-117.37948,33.19587
-117.65089,34.06334
-117.85311,33.78779
-119.17705,34.1975
-118.11646,34.57943
-118.14452,34.14778
-117.75228,34.05529
-117.59311,34.1064
-117.37032,34.1064
-122.34775,37.93576
-117.39616,33.95335
-121.28801,38.75212
-121.4944,38.58157
-121.6555,36.67774
-117.28977,34.10834
-117.16472,32.71571
-122.41942,37.77493
-121.89496,37.33939
-122.32553,37.56299
-117.86783,33.74557
-121.95524,37.35411
-118.54259,34.39166
-120.43572,34.95303
-122.71443,38.44047
-118.78148,34.26945
-121.29078,37.9577
-122.03635,37.36883
-117.14836,33.49364
-118.83759,34.17056
-118.34063,33.83585
-118.35341,34.1389
-118.60953,34.44361
-122.25664,38.10409
-118.44897,34.18667
-117.29116,34.53611
-119.29206,36.33023
-117.24254,33.20004
-117.93895,34.06862
-105.08748,39.80276
-104.83192,39.72943
-104.87692,39.57916
-104.82136,38.83388
-104.9847,39.73915
-105.08137,39.70471
-104.60914,38.25445
-104.97192,39.86804
-105.0372,39.83665
-106.65114,35.08449
-106.77834,32.31232
-115.24194,36.02525
-114.98194,36.0397
-115.13722,36.17497
-115.1175,36.19886
-115.14666,36.09719
-119.8138,39.52963
-115.245,36.10803
-115.07306,36.21108
-101.8313,35.222
-106.48693,31.75872
-101.85517,33.57786
-102.07791,31.99735
-102.36764,31.84568
-100.43704,31.46377
-112.13432,33.49838
-105.27055,40.01499
-105.08442,40.58526
-104.70913,40.42331
-116.20345,43.6135
-108.50069,45.78329
-123.08675,44.05207
-122.43148,45.49818
-122.98983,45.52289
-122.67621,45.52345
-123.0351,44.9429
-111.65853,40.23384
-111.89105,40.76078
-111.9391,40.60967
-112.00105,40.69161
-122.20068,47.61038
-122.20208,47.97898
-122.23484,47.38093
-122.21707,47.48288
-122.33207,47.60621
-117.42908,47.65966
-122.44429,47.25288
-122.66149,45.63873
-157.85833,21.30694
-149.90028,61.21806
-73.9425,40.79472
-74.01241,40.64548
-56.18816,-34.90328
59.61028,42.45306
67.27833,37.22417
66.95972,39.65417
65.78905,38.86056
64.42861,39.77472
60.62057,41.55339
69.21627,41.26465
70.9425,40.52861
69.59833,40.84472
65.37917,40.08444
71.67257,40.9983
71.72463,40.47237
67.82842,40.12341
71.78432,40.38421
69.58222,41.46889
70.14361,41.01667
72.34424,40.78206
-64.46428,9.42958
-70.2261,8.5931
-68.00765,10.16202
-67.47421,10.22856
-66.66474,10.23291
-72.225,7.76694
-70.19918,11.69152
-64.6328,10.21382
-68.0125,10.47306
-66.80786,10.47679
-67.54194,10.17389
-66.77513,10.1182
-71.13333,8.41667
-71.15611,8.58972
-67.7177,10.29532
-67.59113,10.23535
-71.61245,10.66663
-67.04325,10.34447
-66.54241,10.474
-66.61934,10.47027
-69.74206,9.04183
-67.877,10.22609
-64.2527,8.88902
-67.63212,10.30589
-71.24087,8.54665
-64.18256,10.45397
-66.88248,10.16245
-69.67344,11.4045
-62.64102,8.35122
-63.54086,8.12923
-66.85723,10.24247
-67.03238,10.60545
-63.25387,10.66516
-66.87919,10.48801
-67.42929,8.92416
-67.45935,10.18634
-71.45206,10.39907
-66.87558,10.43424
-69.35703,10.0647
-70.20749,8.62261
-64.68618,10.13625
-69.19564,9.55451
-63.18323,9.74569
105.66667,18.66667
107.08426,10.34599
105.9722,10.25369
105.69232,18.67337
106.62965,10.82302
105.76667,19.8
105.84817,21.59422
105.97193,9.59995
105.75635,10.29085
105.08091,10.01245
109.22367,13.77648
108,13.98333
108.10208,10.92889
109.19432,12.24507
106.17729,20.43389
106.35996,10.36004
105.43518,10.38639
107.77206,10.65993
107.59546,16.4619
107.07336,20.95045
105.33759,20.81717
105.84117,21.0245
106.68345,20.86481
108.3733,11.73559
108.22083,16.06778
108.44193,11.94646
105.78825,10.03711
106.67135,10.60857
109.15913,11.92144
107.3,21.01667
105.15242,9.17682
108.03775,12.66747
106.82432,10.94469
107.80772,11.54798
105.72776,9.29414
107.12999,10.56815
105.73855,10.30989
20.73972,42.21389
21.16688,42.67272
20.86667,42.88333
44.02091,13.57952
44.20667,15.35472
44.18333,13.96667
44.40514,14.54274
49.12424,14.54248
42.95452,14.79781
45.03667,12.77944
27.8725,-26.1625
29.23323,-25.87133
27.6486,-26.31905
26.73506,-27.97742
30.79165,-27.76952
26.86593,-28.10391
27.92615,-26.67313
27.83795,-26.71171
25.3971,-33.75757
28.2268,-25.99636
28.4,-26.25
27.85849,-26.26781
27.24208,-25.66756
32.03768,-28.78301
27.70203,-26.1844
28.00123,-26.0941
26.87533,-31.89756
28.18783,-25.74486
29.00974,-24.19436
27.1,-26.71667
25.61494,-33.96109
29.46885,-23.90449
30.39278,-29.61679
31.14107,-23.94299
26.67272,-26.98023
28.47713,-26.43138
29.9318,-27.75796
30.97033,-25.47448
30.63646,-29.81292
29.46482,-25.77507
27.77515,-26.08577
27.23488,-27.65036
26.66672,-26.85213
24.76232,-28.73226
28.04363,-26.20227
29.06667,-26.53333
27.91162,-33.01529
31.0292,-29.8579
27.39767,-26.36094
27.78022,-25.63473
28.36938,-26.23656
26.72595,-29.26737
28.25958,-26.21197
26.214,-29.12107
27.44218,-32.84721
29.46553,-26.45794
28.32078,-26.18848
28.12225,-26.26786
28.12843,-25.98953
28.18577,-25.85891
19.44852,-33.64651
18.97523,-33.73378
18.42322,-33.92584
28.01213,-25.93312
28.63659,-12.95867
28.24071,-12.54982
28.28713,-15.40669
28.41661,-13.13667
25.85425,-17.84194
28.21323,-12.80243
28.44644,-14.4469
27.88382,-12.52897
32.67086,-18.9707
31.05337,-17.82772
29.81667,-19.45
28.58333,-20.15
31.1475,-17.89
31.07555,-18.01274
