City,State,Zip,Longitude,Latitude
Anchorage,AK,99503,-149.8767,61.1953
Anchorage,AK,99508,-149.809,61.2097
Fairbanks,AK,99701,-147.76,64.8366
Auburn,AL,36849,-85.4681,32.6033
Birmingham,AL,35207,-86.8317,33.5615
Birmingham,AL,35294,-86.8037,33.5007
Cullman,AL,35056,-86.8722,34.2068
Dothan,AL,36301,-85.4006,31.1904
Hope Hull (Tyson),AL,36043,-86.4209,32.1953
Huntsville,AL,35816,-86.6556,34.7379
Bentonville,AR,72712,-94.1883,36.3351
Fayetteville,AR,72704,-94.1966,36.0534
Ft Smith,AR,72903,-94.368,35.3609
Little Rock,AR,72211,-92.394,34.7512
Russellville,AR,72802,-93.09,35.2842
Springdale,AR,72762,-94.1839,36.1753
Texarkana,AR,71854,-94.0432,33.3622
Texarkana,AR,71854,-93.9403,33.5054
West Memphis,AR,72301,-90.1379,35.1532
Anthem,AZ,85086,-112.1495,33.871
Apache Junction,AZ,85220,-111.6011,33.4146
Benson,AZ,86502,-110.3071,31.9809
Buckeye,AZ,85326,-112.5564,33.4435
Bullhead City,AZ,86442,-114.5863,35.1215
Camp Verde,AZ,86322,-111.8831,34.5767
Casa Grande,AZ,85122,-111.7078,32.8796
Chandler,AZ,85224,-111.8727,33.3061
Chandler,AZ,85226,-111.9689,33.3054
Chinle,AZ,86503,-109.5634,36.1558
Cottonwood,AZ,86326,-112.0009,34.7213
Douglas,AZ,85607,-109.5605,31.3392
Eloy,AZ,85131,-111.5504,32.7324
Flagstaff,AZ,86001,-111.6613,35.179
Flagstaff,AZ,86004,-111.6239,35.1923
Flagstaff,AZ,86004,-112.4531,34.8138
Flagstaff,AZ,86011,-111.6556,35.1908
Fountain Hills,AZ,85268,-111.7131,33.5722
Gilbert,AZ,85233,-111.8072,33.3745
Gilbert,AZ,85296,-111.753,33.3356
Gilbert,AZ,85297,-111.7896,33.278
Glendale,AZ,85302,-112.1524,33.5819
Glendale,AZ,85305,-112.272,33.5083
Glendale,AZ,85306,-112.1702,33.6107
Goodyear,AZ,85338,-112.3582,33.46
Green Valley,AZ,85614,-110.9837,31.9074
Holbrook,AZ,86025,-110.1372,34.9325
Kingman,AZ,86401,-114.0084,35.2198
Kingman,AZ,86401,-114.0078,35.2204
Lake Havasu City,AZ,86403,-114.3438,34.4745
Maricopa,AZ,85139,-112.0478,33.0652
Mesa,AZ,85203,-111.805,33.4152
Mesa,AZ,85206,-111.6849,33.3914
Mesa,AZ,85210,-111.8401,33.3942
Nogales,AZ,85621,-110.9314,31.3441
Page,AZ,86040,-111.4752,36.9218
Payson,AZ,85541,-111.3231,34.2383
Peoria,AZ,85345,-112.2458,33.5883
Peoria,AZ,85382,-112.231,33.6381
Phoenix,AZ,85009,-112.1126,33.4796
Phoenix,AZ,85014,-112.065,33.5093
Phoenix,AZ,85017,-112.1331,33.524
Phoenix,AZ,85022,-112.0364,33.5968
Phoenix,AZ,85027,-112.1146,33.6838
Phoenix,AZ,85031,-112.1689,33.4954
Phoenix,AZ,85032,-112.0134,33.6405
Phoenix,AZ,85043,-112.2204,33.4639
Phoenix,AZ,85043,-112.2034,33.4601
Phoenix,AZ,85051,-112.1178,33.5679
Phoenix,AZ,85053,-112.1188,33.6398
Phoenix,AZ,85054,-111.9297,33.6553
Phoenix,AZ,85086,-112.1287,33.7984
Prescott,AZ,86305,-112.4864,34.5635
Prescott Valley,AZ,86312,-112.3265,34.5859
San Tan Valley,AZ,85143,-111.5849,33.1798
Scottsdale,AZ,85251,-111.9261,33.4864
Scottsdale,AZ,85256,-111.8836,33.5384
Scottsdale,AZ,85260,-111.9174,33.4657
Show Low,AZ,85901,-110.0239,34.2095
Sierra Vista,AZ,85635,-110.2737,31.5546
St Michaels,AZ,86511,-109.1132,35.6584
Surprise,AZ,85374,-112.3774,33.6597
Tempe,AZ,85281,-111.9263,33.435
Tempe,AZ,85281,-111.9763,33.4215
Tempe,AZ,85282,-111.9596,33.4074
Tempe,AZ,85282,-111.9264,33.385
Tempe,AZ,85283,-111.9697,33.3783
Thatcher,AZ,85552,-109.7484,32.8482
Tuba City,AZ,86045,-111.5178,35.2812
Tucson,AZ,85704,-110.9782,32.2974
Tucson,AZ,85706,-110.9966,32.1339
Tucson,AZ,85706,-110.9326,32.1341
Tucson,AZ,85710,-110.8551,32.2209
Tucson,AZ,85714,-110.9122,32.1631
Tucson,AZ,85721,-110.9461,32.2074
Tucson,AZ,85741,-111.0684,32.3376
Tucson,AZ,85745,-110.9833,32.231
Wickenburg,AZ,85390,-112.738,33.9807
Winslow,AZ,86047,-110.6749,35.0167
Youngtown,AZ,85363,-112.2997,33.6055
Yuma,AZ,85365,-114.6055,32.6985
Yuma,AZ,85365,-114.542,32.6781
Yuma,AZ,85367,-114.4443,32.6682
Adelanto,CA,92301,-117.3996,34.5091
Alhambra,CA,91801,-118.1309,34.0933
Anaheim,CA,92802,-117.927,33.8032
Anaheim,CA,92802,-117.9153,33.8085
Anaheim,CA,92802,-117.915,33.7967
Anaheim,CA,92802,-117.9415,33.8308
Anaheim,CA,92806,-117.8892,33.8551
Anaheim,CA,92806,-117.8891,33.8034
Antioch,CA,94509,-121.8387,38.0026
Antioch,CA,94531,-121.7679,37.9629
Apple Valley,CA,92307,-117.2214,34.5269
Apple Valley,CA,92308,-117.2493,34.471
Arcadia,CA,91006,-118.0312,34.14
Artesia,CA,90701,-118.0824,33.8775
Atascadero,CA,93422,-120.6657,35.4868
Atwater,CA,95301,-120.614,37.3457
Auburn,CA,95603,-121.0594,38.9232
Baker,CA,92309,-116.0705,35.2682
Bakersfield,CA,93304,-119.0337,35.3176
Bakersfield,CA,93306,-118.9676,35.3962
Bakersfield,CA,93307,-119.0272,35.2959
Bakersfield,CA,93307,-118.9183,35.3544
Bakersfield,CA,93308,-119.1869,35.5347
Bakersfield,CA,93308,-119.0432,35.3839
Bakersfield,CA,93308,-119.0763,35.4413
Bakersfield,CA,93311,-119.0921,35.315
Bakersfield,CA,93312,-119.0987,35.3835
Baldwin Park,CA,91706,-117.9592,34.0725
Banning,CA,92220,-116.9459,33.9276
Barstow,CA,92311,-117.0102,34.898
Barstow,CA,92311,-117.0828,34.8546
Barstow,CA,92311,-117.0829,34.8492
Beaumont,CA,92223,-116.9767,33.9262
Bellflower,CA,90706,-118.1426,33.8755
Bellflower,CA,90706,-118.1356,33.904
Big Bear,CA,92315,-116.9033,34.2436
Bishop,CA,93514,-118.3953,37.3715
Blythe,CA,92225,-114.606,33.6066
Buena Park,CA,90621,-117.9982,33.859
Burbank,CA,91505,-118.3489,34.195
Burbank,CA,91506,-118.3129,34.1633
Buttonwillow,CA,93206,-119.3979,35.4012
Calexico,CA,92231,-115.5004,32.694
Calimesa,CA,92320,-117.0582,33.9956
Camarillo,CA,93010,-119.0491,34.2183
Cameron Park,CA,95682,-120.9674,38.6582
Campbell,CA,95008,-121.9316,37.2858
Canoga Park,CA,91306,-118.606,34.2205
Canyon Country,CA,91351,-118.4655,34.4157
Carlsbad,CA,92008,-117.3433,33.1628
Carmichael,CA,95608,-121.3281,38.6356
Carson,CA,90746,-118.2642,33.8453
Castaic,CA,91384,-118.6212,34.495
Cathedral City,CA,92234,-116.4603,33.7787
Ceres,CA,95307,-120.9742,37.6092
Chico,CA,95926,-121.8449,39.7525
Chino,CA,91710,-117.6895,34.0326
Chino Hills,CA,91710,-117.6898,33.9718
Chula Vista,CA,91910,-117.0641,32.648
Chula Vista,CA,91910,-117.0974,32.6403
Chula Vista,CA,91915,-116.9624,32.6214
Citrus Heights,CA,95610,-121.2716,38.6787
City of Commerce,CA,90022,-118.162,34.0111
City of Commerce,CA,90040,-118.127,33.9748
Claremont,CA,91711,-117.7192,34.0806
Clovis,CA,93612,-119.6965,36.8375
Clovis,CA,93612,-119.7242,36.8084
Coalinga,CA,93210,-120.2564,36.2542
Colton,CA,92324,-117.3085,34.0487
Colton,CA,92324,-117.3253,34.067
Concord,CA,94520,-122.0523,37.9686
Cordelia,CA,94585,-122.1262,38.2201
Corning,CA,96021,-122.1947,39.9065
Corona,CA,92879,-117.5168,33.8851
Corona,CA,92881,-117.5375,33.8432
Corona,CA,92882,-117.6019,33.8793
Costa Mesa,CA,92626,-117.9193,33.6857
Crescent City,CA,95531,-124.1953,41.7555
Culver City,CA,90230,-118.3934,34.0041
Daly City,CA,94015,-122.4713,37.6751
Dana Point,CA,92629,-117.6867,33.4657
Del Mar,CA,92014,-117.2559,32.9795
Delano,CA,93215,-119.2496,35.7904
Dixon,CA,95620,-121.8392,38.458
Downey,CA,90241,-118.1321,33.9395
Duarte,CA,91010,-117.9827,34.1395
El Cajon,CA,92019,-116.9319,32.7439
El Cajon,CA,92020,-117.0017,32.8018
El Cajon,CA,92021,-116.978,32.795
El Cajon,CA,92021,-116.951,32.8037
El Centro,CA,92243,-115.5686,32.7768
El Centro,CA,92243,-115.5349,32.7628
El Cerrito,CA,94530,-122.3154,37.9211
El Monte,CA,91731,-118.0249,34.072
El Monte,CA,91731,-118.0552,34.0721
El Segundo,CA,90245,-118.3754,33.9165
Elk Grove,CA,95624,-121.3807,38.409
Emeryville,CA,94608,-122.2959,37.8382
Encinitas,CA,92024,-117.2899,33.0487
Escondido,CA,92025,-117.0923,33.1282
Eureka,CA,95501,-124.1699,40.8014
Fairfield,CA,94534,-122.0655,38.2569
Fairfield,CA,94534,-122.0649,38.2583
Fallbrook,CA,92028,-117.2514,33.3765
Folsom,CA,95630,-121.1699,38.6713
Fontana,CA,92335,-117.4334,34.0704
Fontana,CA,92336,-117.5116,34.1214
Foothill Ranch,CA,92610,-117.6648,33.6803
Fountain Valley,CA,92708,-117.9547,33.7275
Fowler,CA,93625,-119.6838,36.628
Fremont,CA,94538,-122.0006,37.5336
Fremont,CA,94539,-121.9279,37.4912
Fresno,CA,93701,-119.7894,36.744
Fresno,CA,93703,-119.7905,36.7784
Fresno,CA,93706,-119.7718,36.7075
Fresno,CA,93710,-119.7695,36.8089
Fresno,CA,93711,-119.8244,36.8084
Fresno,CA,93720,-119.7835,36.8376
Fresno,CA,93727,-119.7002,36.7379
Fresno,CA,93728,-119.8301,36.7566
Ft Bragg,CA,95437,-123.8059,39.4518
Fullerton,CA,92831,-117.8793,33.878
Fullerton,CA,92832,-117.9243,33.861
Galt,CA,95632,-121.2982,38.2531
Garden Grove,CA,92843,-117.9203,33.7696
Gardena,CA,90248,-118.3091,33.8615
Gilroy,CA,95020,-121.5653,37.0239
Glendora,CA,91740,-117.8726,34.1213
Gustine,CA,95322,-121.0158,37.1031
Hacienda Heights,CA,91745,-117.9888,34.0183
Hanford,CA,93230,-119.672,36.3202
Hawthorne,CA,90250,-118.3528,33.9123
Hawthorne,CA,90250,-118.3613,33.9018
Hayward,CA,94544,-122.0659,37.609
Hemet,CA,92545,-116.9997,33.7474
Hesperia,CA,92345,-117.3759,34.4267
Hollywood,CA,90028,-118.3223,34.098
Huntington Beach,CA,92648,-117.989,33.6942
Indio,CA,92201,-116.2318,33.7149
Irvine,CA,92618,-117.7595,33.6762
Jackson,CA,95642,-120.7731,38.3469
Kettleman City,CA,93239,-119.9603,35.9881
King City,CA,93930,-121.1378,36.2053
Kingsburg,CA,93631,-119.5599,36.5179
La Habra,CA,90631,-117.9678,33.918
La Mesa,CA,91941,-117.0147,32.7557
La Puente,CA,91744,-117.9593,34.0209
Lake Elsinore,CA,92532,-117.2933,33.6576
Lake Forest,CA,92630,-117.6992,33.6217
Lakeside,CA,92040,-116.9013,32.8262
Lakewood,CA,90712,-118.1606,33.8324
Lakewood,CA,90713,-118.1243,33.8603
Lakewood,CA,90715,-118.0864,33.8315
Lancaster,CA,93534,-118.1494,34.7034
Lancaster,CA,93536,-118.1659,34.6751
Lathrop,CA,95330,-121.2936,37.81
Lebec,CA,93243,-118.4894,35.132
Lodi,CA,95240,-121.2593,38.1163
Lodi,CA,95242,-121.3936,38.1186
Long Beach,CA,90802,-118.1895,33.7741
Long Beach,CA,90804,-118.1235,33.7759
Long Beach,CA,90807,-118.185,33.8176
Long Beach,CA,90815,-118.1252,33.808
Los Angeles,CA,90004,-118.2917,34.0778
Los Angeles,CA,90005,-118.2917,34.0623
Los Angeles,CA,90010,-118.3078,34.0617
Los Angeles,CA,90012,-118.2318,34.0548
Los Angeles,CA,90016,-118.3351,34.0185
Los Angeles,CA,90017,-118.2627,34.0463
Los Angeles,CA,90022,-118.1629,34.0406
Los Angeles,CA,90028,-118.3148,34.0981
Los Angeles,CA,90045,-118.3774,33.9454
Los Angeles,CA,90045,-118.3805,33.9598
Los Angeles,CA,90059,-118.2391,33.9273
Los Angeles,CA,90065,-118.2451,34.1141
Los Banos,CA,93635,-120.8778,37.0568
Los Banos,CA,93635,-120.8207,37.0571
Lost Hills,CA,93249,-119.8676,35.6149
Lynwood,CA,90262,-118.2114,33.9296
Madera,CA,93637,-120.1341,37.0182
Manteca,CA,95336,-121.2161,37.7867
Marina,CA,93933,-121.8029,36.6959
Marysville,CA,95901,-121.5937,39.1455
Maywood,CA,90270,-118.1856,33.9871
Mckinleyville,CA,95519,-124.1026,40.9328
Mecca,CA,92254,-116.0898,33.5712
Merced,CA,95341,-120.4953,37.3006
Milpitas,CA,95035,-121.9129,37.4254
Mira Loma,CA,91752,-117.5439,33.9739
Mission Viejo,CA,92691,-117.6897,33.6072
Modesto,CA,95350,-120.994,37.666
Modesto,CA,95350,-121.0298,37.6662
Modesto,CA,95354,-120.9938,37.646
Mojave,CA,93501,-118.1751,35.0569
Montebello,CA,90640,-118.1257,34.0328
Monterey,CA,93940,-121.8616,36.5964
Monterey,CA,93940,-121.8927,36.5953
Moorpark,CA,93021,-118.8672,34.2803
Moreno Valley,CA,92553,-117.2274,33.9391
Morgan Hill,CA,95037,-121.655,37.1515
Murrieta,CA,92562,-117.1973,33.5544
Murrieta,CA,92563,-117.1249,33.5921
N Palm Springs,CA,92258,-116.5506,33.9055
Napa,CA,94559,-122.2741,38.2805
National City,CA,91950,-117.0791,32.6613
National City,CA,91950,-117.1059,32.6608
Needles,CA,92363,-114.6117,34.8391
Newbury Park,CA,91320,-118.9362,34.1906
Newcastle,CA,95658,-121.1312,38.8698
Newhall,CA,91381,-118.5671,34.3785
No Hollywood,CA,91601,-118.3788,34.1722
Norco,CA,92860,-117.5624,33.9017
North Hollywood,CA,91605,-118.419,34.2012
Northridge,CA,91324,-118.5536,34.2341
Northridge,CA,91325,-118.5029,34.2575
Norwalk,CA,90650,-118.0818,33.9168
Oakdale,CA,95361,-120.8297,37.7732
Oakhurst,CA,93644,-119.6341,37.3881
Oakland,CA,94621,-122.1962,37.7453
Oceanside,CA,92054,-117.3281,33.1855
Oceanside,CA,92054,-117.3898,33.207
Oceanside,CA,92057,-117.2899,33.2435
Ontario,CA,91761,-117.5931,34.0296
Ontario,CA,91762,-117.6255,34.0777
Ontario,CA,91764,-117.611,34.0684
Ontario,CA,91764,-117.5584,34.0701
Orange,CA,92865,-117.8363,33.835
Orange,CA,92868,-117.8831,33.7879
Orangevale,CA,95662,-121.2284,38.6786
Oroville,CA,95966,-121.5468,39.5058
Oxnard,CA,93030,-119.1775,34.2139
Pacific Beach,CA,92109,-117.2555,32.7965
Palm Springs,CA,92262,-116.5468,33.8395
Palmdale,CA,93551,-118.1531,34.6018
Palmdale,CA,93552,-118.0453,34.5548
Panorama City,CA,91402,-118.4488,34.2248
Pasadena,CA,91107,-118.0961,34.1461
Paso Robles,CA,93446,-120.6864,35.642
Patterson,CA,95363,-121.1761,37.4667
Perris,CA,92570,-117.2189,33.7824
Petaluma,CA,94952,-122.6705,38.2695
Pico Rivera,CA,90660,-118.0886,34.0033
Pismo Beach,CA,93449,-120.6218,35.1356
Placentia,CA,92870,-117.8725,33.8625
Placerville,CA,95667,-120.8306,38.7226
Pleasant Hill,CA,94523,-122.0645,37.9748
Pomona,CA,91766,-117.7982,34.0407
Pomona,CA,91768,-117.7778,34.0742
Pomona,CA,91768,-117.8165,34.0502
Port Hueneme,CA,93041,-119.1951,34.176
Porterville,CA,93257,-119.0457,36.0804
Porterville,CA,93257,-119.0253,36.0498
Ramona,CA,92065,-116.8833,33.033
Rancho Cordova,CA,95670,-121.2696,38.6141
Rancho Cucamonga,CA,91730,-117.5456,34.1063
Rancho Palos Verdes,CA,90275,-118.3097,33.7555
Red Bluff,CA,96080,-122.2288,40.1791
Redding,CA,96002,-122.3581,40.5707
Redding,CA,96002,-122.362,40.571
Redlands,CA,92373,-117.1827,34.0573
Redlands,CA,92374,-117.2087,34.0685
Redondo Beach,CA,90278,-118.382,33.872
Redwood City,CA,94063,-122.2142,37.4871
Reseda,CA,91335,-118.5361,34.2084
Rialto,CA,92376,-117.3982,34.1067
Ridgecrest,CA,93555,-117.67,35.6224
Ripon,CA,95366,-121.1425,37.7569
Riverside,CA,92503,-117.4368,33.9086
Riverside,CA,92504,-117.4061,33.9373
Riverside,CA,92507,-117.3388,33.9757
Rocklin,CA,95677,-121.2248,38.7885
Roseville,CA,95661,-121.2668,38.7432
Roseville,CA,95747,-121.3115,38.7631
Rowland Heights,CA,91748,-117.889,33.9914
Rubidoux,CA,92509,-117.4359,34.0106
Sacramento,CA,95814,-121.5022,38.5973
Sacramento,CA,95821,-121.3825,38.6373
Sacramento,CA,95823,-121.4418,38.4961
Sacramento,CA,95825,-121.4154,38.5894
Sacramento,CA,95826,-121.4106,38.5553
Sacramento,CA,95828,-121.4163,38.4743
Sacramento,CA,95834,-121.5261,38.6525
Sacramento,CA,95842,-121.3631,38.6596
Salida,CA,95368,-121.0755,37.7015
Salinas,CA,93905,-121.6216,36.6591
Salinas,CA,93906,-121.6562,36.7217
Salinas,CA,93906,-121.6364,36.6563
San Bernardino,CA,92404,-117.2724,34.1359
San Bernardino,CA,92407,-117.3621,34.1899
San Clemente,CA,92672,-117.6234,33.4381
San Diego,CA,92104,-117.1383,32.7552
San Diego,CA,92105,-117.1006,32.7496
San Diego,CA,92106,-117.2269,32.7274
San Diego,CA,92108,-117.153,32.7669
San Diego,CA,92108,-117.158,32.7722
San Diego,CA,92110,-117.205,32.7553
San Diego,CA,92110,-117.2208,32.7551
San Diego,CA,92115,-117.0716,32.7726
San Diego,CA,92117,-117.2011,32.8327
San Diego,CA,92120,-117.0479,32.774
San Diego,CA,92121,-117.168,32.8783
San Diego,CA,92123,-117.1388,32.8343
San Diego,CA,92128,-117.0763,33.0164
San Diego,CA,92131,-117.1129,32.9168
San Diego,CA,92145,-117.1441,32.8701
San Diego,CA,92154,-117.0803,32.5765
San Dimas,CA,91773,-117.8174,34.1039
San Fernando,CA,91340,-118.4405,34.2831
San Francisco,CA,94103,-122.4046,37.7843
San Francisco,CA,94133,-122.4172,37.8071
San Jacinto,CA,92583,-116.9721,33.8042
San Jose,CA,95110,-121.8739,37.3165
San Jose,CA,95112,-121.9106,37.3632
San Jose,CA,95118,-121.8809,37.2746
San Jose,CA,95121,-121.8232,37.2991
San Jose,CA,95122,-121.8293,37.3207
San Jose,CA,95123,-121.8702,37.2505
San Jose,CA,95129,-121.9773,37.3099
San Jose,CA,95131,-121.9194,37.3746
San Jose,CA,95133,-121.8611,37.3861
San Leandro,CA,94577,-122.1705,37.7089
San Leandro,CA,94578,-122.1243,37.7093
San Luis Obispo,CA,93405,-120.6766,35.2638
San Marcos,CA,92069,-117.1799,33.1368
San Mateo,CA,94403,-122.2848,37.5459
San Pablo,CA,94806,-122.3305,37.9553
San Ysidro,CA,92173,-117.0442,32.5505
Sanger,CA,93657,-119.5564,36.7087
Santa Ana,CA,92701,-117.8336,33.7598
Santa Ana,CA,92704,-117.8854,33.7134
Santa Ana,CA,92706,-117.8884,33.7601
Santa Barbara,CA,93105,-119.7404,34.4405
Santa Clara,CA,95050,-121.9564,37.3524
Santa Clara,CA,95050,-121.9987,37.3523
Santa Clarita,CA,91387,-118.4228,34.4238
Santa Cruz,CA,95060,-122.0235,36.9852
Santa Maria,CA,93454,-120.4198,34.953
Santa Monica,CA,90401,-118.4889,34.0174
Santa Paula,CA,93060,-119.0692,34.3463
Santa Rosa,CA,95403,-122.7273,38.4599
Santa Rosa,CA,95407,-122.7142,38.4213
Santee,CA,92071,-116.988,32.8421
Seal Beach,CA,90740,-118.0802,33.7595
Selma,CA,93662,-119.6288,36.5743
Sherman Oaks,CA,91411,-118.4662,34.171
Simi Valley,CA,93065,-118.7438,34.2798
Soledad,CA,93960,-121.3216,36.4175
South Gate,CA,90280,-118.1645,33.9492
South Lake Tahoe,CA,96150,-119.9777,38.9344
South San Francisco,CA,94080,-122.4084,37.6502
Stanton,CA,90680,-117.9927,33.7743
Stockton,CA,95206,-121.2959,37.9372
Stockton,CA,95207,-121.3417,37.9846
Stockton,CA,95207,-121.313,37.9917
Stockton,CA,95215,-121.2471,37.9865
Stockton,CA,95215,-121.2206,37.9031
Sun Valley,CA,91352,-118.3703,34.2161
Sunnyvale,CA,94085,-122.0282,37.3958
Sunnyvale,CA,94086,-122.0351,37.375
Sylmar,CA,91342,-118.478,34.3031
Sylmar,CA,91342,-118.4282,34.3108
Tehachapi,CA,93561,-118.4469,35.1409
Temecula,CA,92590,-117.1535,33.4993
Temple City,CA,91780,-118.0736,34.1015
Thousand Palms,CA,92276,-116.403,33.8185
Torrance,CA,90503,-118.3532,33.8356
Torrance,CA,90505,-118.3406,33.8243
Tracy,CA,95304,-121.4351,37.7635
Tulare,CA,93274,-119.337,36.2258
Turlock,CA,95380,-120.849,37.4756
Tustin,CA,92780,-117.8139,33.7334
Twentynine Palms,CA,92277,-116.055,34.1356
Ukiah,CA,95482,-123.1981,39.1515
Upland,CA,91786,-117.6616,34.107
Vacaville,CA,95688,-121.9587,38.3708
Valencia,CA,91355,-118.5814,34.4223
Vallejo,CA,94589,-122.231,38.1241
Vallejo,CA,94589,-122.2562,38.136
Van Nuys,CA,91405,-118.4474,34.2012
Van Nuys,CA,91406,-118.4924,34.2003
Van Nuys,CA,91406,-118.4941,34.2012
Ventura,CA,93001,-119.1838,34.1791
Victorville,CA,92392,-117.3208,34.5099
Visalia,CA,93277,-119.3137,36.3093
Visalia,CA,93291,-119.3496,36.329
Vista,CA,92083,-117.2522,33.1962
W Sacramento,CA,95691,-121.5487,38.5736
W Covina,CA,91791,-117.8724,34.0735
Wasco,CA,93280,-119.346,35.602
West Covina,CA,91791,-117.9078,34.0821
Westley,CA,95387,-121.2669,37.5407
Westwood,CA,90024,-118.4431,34.0608
Whittier,CA,90601,-118.0494,33.9792
Whittier,CA,90606,-118.0816,33.9683
Wildomar,CA,92595,-117.2434,33.5969
Wilmington,CA,90744,-118.2835,33.7907
Woodland,CA,95695,-121.7826,38.7002
Woodland,CA,95776,-121.7484,38.6773
Woodland Hills,CA,91364,-118.5721,34.1706
Woodland Hills,CA,91364,-118.6068,34.172
Yorba Linda,CA,92887,-117.7438,33.8726
Yucaipa,CA,92399,-117.0722,34.034
Yucca Valley,CA,92284,-116.4232,34.1199
Aurora,CO,80011,-104.8204,39.7256
Aurora,CO,80011,-104.793,39.7619
Aurora,CO,80012,-104.8659,39.6894
Boulder,CO,80303,-105.2558,40.0002
Burlington,CO,80807,-102.2788,39.2973
Clifton,CO,81520,-108.4577,39.0881
Colorado Springs,CO,80905,-104.831,38.837
Colorado Springs,CO,80906,-104.7997,38.796
Colorado Springs,CO,80909,-104.7578,38.8373
Colorado Springs,CO,80920,-104.8039,38.949
Cortez,CO,81321,-108.5597,37.349
Denver,CO,80204,-105.0252,39.7434
Denver,CO,80223,-104.9975,39.7112
Denver,CO,80239,-104.8476,39.7725
Durango,CO,81301,-107.8842,37.2714
Englewood,CO,80110,-104.9909,39.6533
Fort Collins,CO,80524,-105.0075,40.5831
Fountain,CO,80817,-104.6977,38.7183
Golden,CO,80401,-105.1451,39.763
Grand Junction,CO,81501,-108.5441,39.107
Highlands Ranch,CO,80129,-105.004,39.5483
Lakewood,CO,80228,-105.1319,39.7243
Lakewood,CO,80235,-105.0815,39.6502
Limon,CO,80828,-103.7121,39.2703
Montrose,CO,81401,-107.8652,38.4558
Pueblo,CO,81003,-104.6132,38.3123
Thornton,CO,80233,-104.9823,39.8851
Wheatridge,CO,80033,-105.1088,39.7856
Woodland Park,CO,80863,-105.0376,38.9745
Danbury,CT,06810,-73.4197,41.4057
Enfield,CT,06082,-72.5814,41.998
Hartford,CT,06106,-72.7134,41.7424
Middletown,CT,06457,-72.6433,41.5545
New Haven,CT,06515,-72.9765,41.3343
New London,CT,06320,-72.1187,41.3694
Southington,CT,06489,-72.8736,41.6344
Vernon,CT,06066,-72.4969,41.8266
Waterbury,CT,06705,-73.0079,41.5666
West Haven,CT,06516,-72.9741,41.2709
Westbrook,CT,06498,-72.4449,41.2899
Wethersfield,CT,06109,-72.6547,41.6849
Washington,DC,20002,-76.9794,38.9063
Washington,DC,20019,-76.9386,38.8912
Newark,DE,19713,-75.6825,39.6758
Altamonte Springs,FL,32701,-81.3842,28.6621
Apopka,FL,32703,-81.5041,28.6731
Bartow,FL,33830,-81.8435,27.9053
Bayonet Point,FL,34667,-82.6993,28.333
Boca Raton,FL,33431,-80.0765,26.3802
Boca Raton,FL,33486,-80.1121,26.3511
Bradenton,FL,34207,-82.5687,27.4624
Brandon,FL,33511,-82.3021,27.9376
Cape Coral,FL,33990,-81.9408,26.6283
Casselberry,FL,32707,-81.3378,28.6588
Clearwater,FL,33761,-82.734,28.0131
Clermont,FL,34711,-81.6643,28.3474
Cocoa Beach,FL,32931,-80.6106,28.3327
Coral Gables,FL,33134,-80.255,25.7498
Coral Gables,FL,33146,-80.275,25.716
Crystal River,FL,34428,-82.6104,28.9193
Davenport,FL,33837,-81.6515,28.2355
Davie,FL,33328,-80.2519,26.05
Daytona Beach,FL,32118,-81.0269,29.2646
Daytona Beach,FL,32118,-80.975,29.1619
Deland,FL,32720,-81.3042,29.0488
Deland,FL,32720,-81.3042,29.0488
Englewood,FL,34223,-82.3359,26.9381
Eustis,FL,32726,-81.6898,28.8232
Florida City,FL,33034,-80.475,25.4428
Ft Lauderdale,FL,33309,-80.1546,26.1669
Ft Lauderdale,FL,33316,-80.1369,26.101
Ft Myers,FL,33907,-81.8881,26.5217
Ft Myers,FL,33912,-81.8006,26.5483
Ft Lauderdale,FL,33308,-80.1146,26.1899
Ft Pierce,FL,34945,-80.399,27.4487
Ft Walton Beach,FL,32547,-86.6003,30.4393
Haines City,FL,33844,-81.6396,28.1176
Hallandale Beach,FL,33009,-80.1627,25.985
Hialeah,FL,33012,-80.3034,25.8666
Hialeah Gardens,FL,33018,-80.3577,25.8806
Hollywood,FL,33020,-80.1649,26.0339
Hollywood,FL,33023,-80.2075,26.0073
Jacksonville,FL,32218,-82.0614,29.831
Jacksonville,FL,32224,-81.4535,30.2877
Jacksonville,FL,32225,-81.5287,30.3239
Jacksonville,FL,32244,-81.7393,30.1952
Jacksonville,FL,32256,-81.5739,30.2201
Key Largo,FL,33037,-80.4615,25.0759
Key West,FL,33040,-81.7995,24.5514
Kissimmee,FL,34741,-81.4291,28.3046
Kissimmee,FL,34744,-81.3845,28.3406
Kissimmee,FL,34744,-81.3606,28.2904
Kissimmee,FL,34746,-81.4724,28.3294
Kissimmee,FL,34746,-81.5178,28.3329
Kissimmee,FL,34747,-81.5922,28.336
Lake Wales,FL,33853,-81.6245,27.9647
Lake Worth,FL,33463,-80.1143,26.5721
Lakeland,FL,33805,-81.9678,28.0828
Lakeland,FL,33813,-81.9569,27.987
Largo,FL,33770,-82.7682,28.0844
Leesburg,FL,34748,-81.8964,28.8428
Madison,FL,32340,-83.3607,30.4012
Margate,FL,33063,-80.2047,26.2371
Melbourne,FL,32904,-80.7021,28.079
Merritt Island,FL,32952,-80.6979,28.3614
Miami,FL,33137,-80.1895,25.8106
Miami,FL,33155,-80.3334,25.7332
Miami,FL,33157,-80.3597,25.5888
Miami,FL,33166,-80.2913,25.8076
Miami,FL,33166,-80.3154,25.8094
Miami,FL,33174,-80.3516,25.7691
Miami,FL,33175,-80.4159,25.7322
Miami,FL,33177,-80.4144,25.6254
Miami,FL,33178,-80.3806,25.8115
Miami,FL,33186,-80.393,25.686
Miami Beach,FL,33141,-80.1205,25.8568
Miami Gardens,FL,33056,-80.246,25.9542
Miami Lakes,FL,33015,-80.3083,25.9435
Midway,FL,32343,-84.4287,30.4936
N Miami,FL,33179,-80.1721,25.9447
N Miami,FL,33181,-80.1642,25.8875
Neptune Beach,FL,32266,-81.3981,30.3235
New Port Richey,FL,34652,-82.7338,28.2238
New Smyrna Beach,FL,32168,-80.9426,29.0143
Oakland Park,FL,33334,-80.135,26.189
Ocala,FL,34482,-82.1857,29.1864
Ocoee,FL,34761,-81.5468,28.5516
Orange City,FL,32763,-81.2836,28.9113
Orlando,FL,32807,-81.3106,28.5376
Orlando,FL,32809,-81.364,28.4522
Orlando,FL,32819,-81.4598,28.4624
Orlando,FL,32819,-81.4708,28.4526
Orlando,FL,32819,-81.4275,28.445
Orlando,FL,32819,-81.4712,28.4391
Orlando,FL,32819,-81.4617,28.425
Orlando,FL,32821,-81.456,28.4056
Orlando,FL,32822,-81.3093,28.4604
Orlando,FL,32825,-81.2051,28.5667
Orlando,FL,32836,-81.506,28.3852
Ormond Beach,FL,32174,-81.1132,29.2559
Palm Bay,FL,32905,-80.6482,28.0352
Palm Coast,FL,32137,-81.212,29.5559
Palm Springs,FL,33461,-80.0885,26.6329
Panama City,FL,32405,-85.6499,30.1926
Pembroke Pines,FL,33024,-80.2486,26.02
Pembroke Pines,FL,33026,-80.2906,26.0078
Pensacola,FL,32506,-87.2786,30.4367
Pensacola,FL,32514,-87.2214,30.5061
Pensacola,FL,32534,-87.2813,30.5334
Plant City,FL,33566,-82.1047,28.0351
Plantation,FL,33322,-80.2571,26.1471
Plantation,FL,33323,-80.3102,26.1458
Poinciana,FL,34759,-81.452,28.1463
Pompano Beach,FL,33064,-80.099,26.2646
Port Charlotte,FL,33948,-82.1445,27.0122
Port Orange,FL,32127,-81.0244,29.1154
Port St Lucie,FL,34952,-80.2935,27.2798
Riviera Beach,FL,33404,-80.1021,26.7834
Royal Palm Beach,FL,33411,-80.2314,26.7051
San Antonio,FL,33576,-82.3226,28.3254
Sanford,FL,32773,-81.2868,28.7574
Sarasota,FL,34233,-82.4942,27.2988
Sebring,FL,33870,-81.4981,27.5234
Silver Springs,FL,34488,-82.0546,29.2181
Spring Hill,FL,34607,-82.6311,28.455
St Augustine,FL,32084,-81.3208,29.9042
St Augustine,FL,32084,-81.4139,29.918
St Augustine,FL,32086,-81.3444,29.7489
St Petersburg,FL,33714,-82.6795,27.8174
Stuart,FL,34994,-80.2357,27.177
Sun City,FL,33573,-82.3757,27.7123
Tallahassee,FL,32303,-84.3007,30.4788
Tallahassee,FL,32306,-84.2974,30.4413
Tamarac,FL,33321,-80.252,26.1953
Tampa,FL,33607,-82.5055,27.9595
Tampa,FL,33610,-82.3934,27.9961
Tampa,FL,33612,-82.44,28.0546
The Villages,FL,32159,-81.9583,28.9515
Titusville,FL,32780,-80.8478,28.5535
Venice,FL,34293,-82.4904,27.2167
Viera,FL,32940,-80.7116,28.2303
W Palm Beach,FL,33409,-80.0951,26.7067
Winter Haven,FL,33880,-81.7144,28.004
Winter Park,FL,32789,-81.3844,28.6057
Augusta,GA,30907,-82.0463,33.5125
Brunswick,GA,31523,-81.58,31.1399
Brunswick,GA,31525,-81.5019,31.2465
Byron,GA,31008,-83.789,32.6191
Columbus,GA,31907,-84.9422,32.4812
Cordele,GA,31015,-83.7468,31.9591
Gainesville,GA,30501,-83.8453,34.2849
Hiram,GA,30141,-84.7534,33.8911
Jackson,GA,30233,-84.1204,33.2261
Kingsland,GA,31548,-81.6534,30.7884
Lake Park,GA,31636,-83.1897,30.6432
Locust Grove,GA,30248,-84.1222,33.3517
Norcross,GA,30093,-84.2065,33.9092
Resaca,GA,30735,-84.936,34.5871
Richmond Hill,GA,31324,-81.3276,31.9305
Savannah,GA,31405,-81.1131,32.0146
Savannah,GA,31419,-81.2863,32.006
Snellville,GA,30078,-84.018,33.8623
Stockbridge,GA,30281,-84.2536,33.549
Suwanee,GA,30024,-84.0464,34.0283
Union Point,GA,30669,-83.1208,33.69
Valdosta,GA,31602,-83.3293,30.844
Honolulu,HI,96815,-157.8315,21.2785
"Kahului, Maui",HI,96732,-156.4538,20.8872
Kailua-Kona,HI,96740,-155.9889,19.6463
Kaneohe,HI,96744,-157.7988,21.4028
Kapolei,HI,96707,-158.0915,21.3289
Waipahu,HI,96797,-158.0338,21.3866
Brooklyn,IA,52211,-92.358,41.6927
Clive,IA,50325,-93.7782,41.6148
Davenport,IA,52806,-90.5637,41.5575
Boise,ID,83705,-116.2135,43.5695
Burley,ID,83318,-113.792,42.5628
Caldwell,ID,83605,-116.6538,43.6628
Chubbuck,ID,83202,-112.4663,42.9113
Coeur D' Alene,ID,83814,-116.7808,47.6981
Idaho Falls,ID,83401,-112.0517,43.5033
Meridian,ID,83642,-116.3552,43.6195
Moscow,ID,83844,-117.5856,47.0918
Nampa,ID,83687,-116.5732,43.6019
Post Falls,ID,83854,-116.9213,47.7121
Twin Falls,ID,83301,-114.4757,42.5918
Alorton,IL,62205,-90.0975,38.5767
Arlington Heights,IL,60005,-87.9832,42.0443
Aurora,IL,60504,-88.3801,41.7722
Belleville,IL,62220,-89.9831,38.5001
Bloomington,IL,61704,-88.9515,40.4735
Bolingbrook,IL,60440,-88.1835,41.5287
Bourbonnais,IL,60914,-87.8616,41.1626
Calumet City,IL,60409,-87.5588,41.596
Carbondale,IL,62901,-89.2405,37.7305
Carol Stream,IL,60188,-88.1031,41.894
Carpentersville,IL,60110,-88.2933,42.1057
Champaign,IL,61822,-88.2542,40.1426
Collinsville,IL,62234,-90.0115,38.6789
Effingham,IL,62401,-88.5667,39.1399
Effingham,IL,62401,-88.5723,39.135
Franklin Park,IL,60131,-87.8844,41.9233
Gilman,IL,60938,-87.9963,40.7559
Glen Carbon,IL,62034,-89.9552,38.7768
Gurnee,IL,60031,-87.9612,42.3849
Hanover Park,IL,60133,-88.1091,41.9672
Hickory Hills,IL,60457,-87.8098,41.7187
Highland Park,IL,60035,-87.826,42.1898
Hoffman Estates,IL,60169,-88.0797,42.0492
Huntley,IL,60142,-88.4327,42.1375
Joliet,IL,60435,-88.1496,41.5709
Lasalle,IL,61301,-89.0978,41.3678
Litchfield,IL,62056,-89.6724,39.1753
Mattoon,IL,61938,-88.3462,39.485
Melrose Park,IL,60160,-87.8325,41.9084
Mokena,IL,60448,-87.8488,41.5431
Moline,IL,61265,-90.5004,41.4642
Mt Vernon,IL,62864,-88.9572,38.3127
N Aurora,IL,60542,-88.3224,41.7913
N Pekin,IL,61554,-89.6357,40.607
Normal,IL,61761,-88.9956,40.5304
Norridge,IL,60706,-87.8072,41.9638
O' Fallon,IL,62269,-89.9263,38.5886
Oak Lawn,IL,60453,-87.741,41.7252
Oak Park,IL,60302,-87.8052,41.8924
Oakbrook Terrace,IL,60181,-87.9728,41.8562
Orland Park,IL,60462,-87.8513,41.6186
Palatine,IL,60074,-88.0208,42.1392
Pontoon Beach,IL,62040,-90.0656,38.7611
Pontoon Beach,IL,62040,-90.0718,38.7465
Rockford,IL,61108,-88.9728,42.27
Salem,IL,62881,-88.9765,38.6238
Schiller Park,IL,60176,-87.8616,41.9666
South Beloit,IL,61080,-89.0002,42.4928
Springfield,IL,62703,-89.6102,39.7582
Springfield,IL,62704,-89.7062,39.764
Tuscola,IL,61953,-88.27,39.7901
Vandalia,IL,62471,-88.8573,39.0136
Vernon Hills,IL,60061,-87.945,42.2427
Waterloo,IL,62298,-90.1636,38.3384
Waukegan,IL,60085,-87.8982,42.3461
Willowbrook,IL,60527,-87.9438,41.7479
Bedford,IN,47421,-86.5183,38.8676
Bloomington,IN,47401,-86.5343,39.1842
Clarksville,IN,47129,-85.7734,38.3078
Dale,IN,47523,-86.987,38.1841
Daleville,IN,47334,-85.573,40.114
Evansville,IN,47711,-87.5508,38.1557
Evansville,IN,47711,-87.5392,38.0116
Evansville,IN,47713,-87.6381,37.9772
Evansville,IN,47715,-87.4926,37.9799
French Lick,IN,47432,-86.6196,38.5501
Gary,IN,46408,-87.356,41.5614
Greenwood,IN,46143,-86.0777,39.6156
Haubstadt,IN,47639,-87.552,38.1741
Hebron,IN,46341,-87.2956,41.2893
Indianapolis,IN,46217,-86.1905,39.6924
Indianapolis,IN,46219,-86.0097,39.8039
Indianapolis,IN,46221,-86.2651,39.6986
Indianapolis,IN,46224,-86.2689,39.8007
Indianapolis,IN,46227,-86.1207,39.7147
Indianapolis,IN,46227,-86.1277,39.637
Indianapolis,IN,46250,-86.059,39.9054
Indianapolis,IN,46268,-86.224,39.9142
Jasper,IN,47546,-86.9379,38.4257
Lafayette,IN,47905,-86.8257,40.4177
Lake Station,IN,46405,-87.2399,41.586
Lebanon,IN,46052,-86.4857,40.0466
Merrillville,IN,46410,-87.3316,41.4714
Michigan City,IN,46360,-86.894,41.6671
Oakland City,IN,47660,-87.0919,38.3946
Portage,IN,46368,-87.1755,41.5985
Scottsburg,IN,47170,-85.7867,38.6786
Shelbyville,IN,46176,-85.7377,39.5257
Spiceland,IN,47385,-85.4141,39.8523
Terre Haute,IN,47802,-87.4158,39.426
Terre Haute,IN,47807,-87.414,39.4641
Vincennes,IN,47591,-87.5011,38.6913
Whiteland,IN,46184,-86.0356,39.5505
Manhattan,KS,66502,-96.5569,39.1802
Merriam,KS,66203,-94.6896,39.0142
Overland Park,KS,66212,-94.6677,38.9387
Topeka,KS,66604,-95.7618,39.0397
Topeka,KS,66611,-95.6875,39.0101
Wichita,KS,67208,-97.2439,37.6794
Wichita,KS,67209,-97.4094,37.6733
Wichita,KS,67218,-97.2893,37.6646
Beaver Dam,KY,42320,-86.8665,37.3903
Catlettsburg,KY,41129,-82.6989,38.3648
Elizabethtown,KY,42701,-85.8268,37.715
Franklin,KY,42134,-86.5577,36.6686
Henderson,KY,42420,-87.5754,37.8608
Lexington,KY,40503,-84.5161,38.0127
Lexington,KY,40511,-84.4863,38.0959
Louisville,KY,40217,-85.7516,38.2117
Madisonville,KY,42431,-87.4947,37.3276
Mt Vernon,KY,40456,-84.3314,37.3755
Oak Grove,KY,42262,-87.4555,36.6964
Owensboro,KY,42301,-87.1231,37.7263
Shepherdsville,KY,40165,-85.7013,37.9937
St Matthews,KY,40207,-85.6334,38.234
Waddy,KY,40076,-85.0675,38.1622
Walton,KY,41094,-84.6246,38.8582
Bossier City,LA,71111,-93.7148,32.5164
Greenwood,LA,71033,-93.9791,32.4436
Metairie,LA,70003,-90.206,30.0057
Shreveport,LA,71118,-93.7982,32.4085
Chicopee Falls,MA,01020,-72.5774,42.1707
Danvers,MA,01923,-70.9362,42.549
Fall River,MA,02721,-71.1619,41.6751
Holyoke,MA,01040,-72.6299,42.1881
Lawrence,MA,01843,-71.1462,42.688
Leominster,MA,01453,-71.7424,42.5334
Springfield,MA,01119,-72.501,42.1405
Worcester,MA,01605,-71.7748,42.2947
Annapolis,MD,21401,-76.5443,38.9846
Baltimore,MD,21234,-76.5448,39.3992
Baltimore,MD,21236,-76.5073,39.3756
Cambridge,MD,21613,-76.061,38.5586
College Park,MD,20740,-76.9327,38.9938
Dundalk,MD,21222,-76.5046,39.2783
Easton,MD,21601,-76.0601,38.7823
Edgewood,MD,21040,-76.3054,39.4531
Eldersburg,MD,21784,-76.9324,39.399
Fort Meade,MD,20755,-76.7454,39.1094
Frederick,MD,21701,-77.451,39.4185
Fruitland,MD,21826,-75.6126,38.3255
Glen Burnie,MD,21061,-76.6141,39.2044
Hagerstown,MD,21740,-77.693,39.6176
Hanover,MD,21076,-76.7106,39.1605
Laurel,MD,20707,-76.6374,39.1559
Lavale,MD,21502,-78.8355,39.6371
Montgomery Village,MD,20886,-77.2038,39.1724
North East,MD,21901,-75.9481,39.6247
Oakland,MD,21550,-79.4052,39.4113
Ocean City,MD,21842,-75.0572,38.4179
Perryville,MD,21903,-76.0672,39.5888
Salisbury,MD,21804,-75.5416,38.3662
Silver Spring,MD,20853,-77.0766,39.103
Waldorf,MD,20601,-76.9053,38.6317
Westminster,MD,21157,-76.9889,39.5846
Auburn,ME,04210,-70.2311,44.0979
Augusta,ME,04330,-69.7926,44.3381
Bangor,ME,04401,-68.7394,44.8315
Ellsworth,ME,04605,-68.4162,44.5396
Portland,ME,04102,-70.2849,43.655
Portland,ME,04102,-70.3278,43.6766
Rockport,ME,04856,-69.0954,44.1299
Ann Arbor,MI,48104,-83.6943,42.2564
Battle Creek,MI,49015,-85.2007,42.261
Belleville,MI,48111,-83.5448,42.2165
East Lansing,MI,48823,-84.4573,42.7281
Ft Gratiot,MI,48059,-82.4558,43.0253
Grand Ledge,MI,48837,-84.6792,42.7869
Grand Rapids,MI,49505,-85.6375,43.019
Holland,MI,49423,-86.0797,42.7759
Jackson,MI,49202,-84.4529,42.2707
Kalamazoo,MI,49001,-85.5319,42.2625
Kentwood,MI,49512,-85.5713,42.9125
Lansing,MI,48917,-84.6582,42.7411
Marshall,MI,49068,-84.9652,42.2845
Monroe,MI,48162,-83.3641,41.9257
Muskegon,MI,49444,-86.2356,43.1889
Novi,MI,48377,-83.476,42.49
Roseville,MI,48066,-82.915,42.5309
Saginaw,MI,48604,-83.9642,43.4799
Sterling Heights,MI,48313,-82.9861,42.6265
Taylor,MI,48180,-83.2352,42.1982
Traverse City,MI,49686,-85.5606,44.7496
Wyoming,MI,49509,-85.6821,42.8843
Apple Valley,MN,55124,-93.2231,44.7319
Blaine,MN,55434,-93.2656,45.1304
Bloomington,MN,55420,-93.2629,44.8619
Bloomington,MN,55437,-93.3323,44.8576
Brooklyn Center,MN,55430,-93.3048,45.0716
Burnsville,MN,55337,-93.2907,44.769
Coon Rapids,MN,55448,-93.3567,45.2075
Maplewood,MN,55109,-93.0176,45.0333
Maplewood,MN,55119,-92.9854,44.9471
Minneapolis,MN,55406,-93.2332,44.9484
N Branch,MN,55056,-92.9968,45.5091
Otsego,MN,55330,-93.5643,45.2816
Rochester,MN,55901,-92.4876,44.0266
Rochester,MN,55904,-92.4633,44.0053
Rogers,MN,55374,-93.5502,45.1987
Arnold,MO,63010,-90.3782,38.4446
Blue Springs,MO,64015,-94.2828,39.1205
Branson,MO,65616,-93.2632,36.6414
Cape Girardeau,MO,63701,-89.5589,37.3045
Columbia,MO,65203,-92.3726,38.9668
Eureka,MO,63025,-90.6626,38.5045
Fenton,MO,63026,-90.4674,38.5423
Florissant,MO,63033,-90.3009,38.8081
Hazelwood,MO,63042,-90.3873,38.7742
Independence,MO,64055,-94.3802,39.0746
Independence,MO,64108,-94.415,39.0494
Joplin,MO,64801,-94.4785,37.0502
Joplin,MO,64804,-94.5177,37.066
Kansas City,MO,64108,-94.5887,39.095
Kansas City,MO,64120,-94.5012,39.1301
Kansas City,MO,64133,-94.5403,39.0362
Kingdom City,MO,65262,-91.9404,38.9429
Lake St Louis,MO,63367,-90.7676,38.8027
Lebanon,MO,65536,-92.6495,37.6681
Maryland Heights,MO,63043,-90.4486,38.7145
Matthews,MO,63867,-89.5427,36.7592
N Kansas City,MO,64116,-94.5587,39.1456
Neosho,MO,64850,-94.3944,36.8415
O'fallon,MO,63368,-90.7059,38.7162
Peculiar,MO,64078,-94.4545,38.7245
Raytown,MO,64133,-94.4766,38.9958
Rolla,MO,65401,-91.7912,37.9431
Sedalia,MO,65301,-93.2546,38.7052
Springfield,MO,65807,-93.2963,37.1282
St Charles,MO,63301,-90.4929,38.7712
St Joseph,MO,64506,-94.7966,39.777
St Louis,MO,63114,-90.4072,38.7066
St Louis,MO,63123,-90.3391,38.5129
St Louis,MO,63127,-90.4052,38.5556
St Louis,MO,63139,-90.2882,38.6238
St Peters,MO,63376,-90.5669,38.7922
St Robert,MO,65584,-92.1579,37.8252
Sullivan,MO,63080,-91.1571,38.226
Troy,MO,63379,-90.9685,38.9868
Warrenton,MO,63383,-91.2275,38.8398
Warrenton,MO,63383,-91.1446,38.8193
Wayland,MO,63472,-91.5804,40.3947
Greenville,MS,38701,-91.04,33.3715
Gulfport,MS,39503,-89.1367,30.4213
Ocean Springs,MS,39564,-88.8419,30.4513
Pearl,MS,39208,-90.1607,32.2767
Starkville,MS,39759,-88.8077,33.4545
Billings,MT,59101,-108.5079,45.7861
Billings,MT,59102,-108.5666,45.7546
Great Falls,MT,59404,-111.3596,47.4705
Missoula,MT,59801,-114.0253,46.8438
Asheville,NC,28806,-82.582,35.5888
Battleboro,NC,27809,-77.8158,36.0605
Black Mountain,NC,28711,-82.319,35.6082
Charlotte,NC,28216,-80.8513,35.3069
Charlotte,NC,28217,-80.8861,35.1635
Charlotte,NC,28223,-80.7286,35.3076
Concord,NC,28027,-80.7162,35.3703
Durham,NC,27707,-78.9597,35.9202
Fayetteville,NC,28304,-78.975,35.0442
Greenville,NC,27834,-77.3959,35.6052
Haw River,NC,27258,-79.3521,36.0702
Henderson,NC,27536,-78.4346,36.3323
Hendersonville,NC,28792,-82.4487,35.3323
Jacksonville,NC,28546,-77.3859,34.7823
Kenly,NC,27542,-78.1452,35.5748
Kernersville,NC,27284,-80.0942,36.1091
Lumberton,NC,28358,-79.0038,34.6678
Mooresville,NC,28117,-80.8567,35.5936
Morganton,NC,28655,-81.6945,35.7181
Raleigh,NC,27603,-78.6538,35.7204
Raleigh,NC,27609,-78.6208,35.8265
Selma,NC,27576,-78.2871,35.5178
Shelby,NC,28150,-81.4817,35.2666
Sneads Ferry,NC,28460,-77.4301,34.55
Spindale,NC,28160,-81.8917,35.3327
Thomasville,NC,27360,-80.0726,35.8622
Wilmington,NC,28403,-77.8862,34.2142
Wilson,NC,27893,-77.9554,35.7383
Bismarck,ND,58504,-100.7817,46.802
Fargo,ND,58103,-96.8602,46.8619
Grand Forks,ND,58201,-97.0825,47.8895
Minot,ND,58701,-101.296,48.2035
Grand Island,NE,68801,-98.3428,40.8875
Gretna,NE,68028,-96.2418,41.137
North Platte,NE,69101,-100.7255,41.1018
Ogallala,NE,69153,-101.7149,41.1175
Omaha,NE,68124,-96.0429,41.2263
Nashua,NH,03063,-71.4959,42.7674
Salem,NH,03079,-71.2185,42.7653
W Lebanon,NH,03784,-72.3239,43.6268
Avenel,NJ,07001,-74.2933,40.5827
Bordentown,NJ,08505,-74.7016,40.1441
Carney's Point,NJ,08069,-75.4841,39.6851
Clementon,NJ,08021,-75.0389,39.8034
East Brunswick,NJ,08816,-74.3811,40.4261
Galloway,NJ,08205,-74.5282,39.4459
Northfield,NJ,08225,-74.5568,39.3862
Turnersville,NJ,08012,-75.0472,39.7584
Vineland,NJ,08360,-75.0446,39.4871
Vineland,NJ,08360,-75.0409,39.4357
Alamogordo,NM,88310,-105.9602,32.8809
Albuquerque,NM,87105,-106.7459,35.0784
Albuquerque,NM,87106,-106.6298,35.0592
Albuquerque,NM,87109,-106.5864,35.1602
Albuquerque,NM,87110,-106.5878,35.1055
Albuquerque,NM,87112,-106.516,35.1089
Albuquerque,NM,87121,-106.7057,35.1034
Bernalillo,NM,87004,-106.5411,35.3175
Carlsbad,NM,88220,-104.2357,32.4357
Clovis,NM,88101,-103.1965,34.4339
Deming,NM,88030,-107.7562,32.2691
Edgewood,NM,87013,-106.1915,35.0695
Farmington,NM,87401,-108.1897,36.7306
Gallup,NM,87301,-108.7309,35.519
Gallup,NM,87301,-108.7589,35.5341
Grants,NM,87020,-107.827,35.1251
Hobbs,NM,88240,-103.1778,32.7576
Jamestown,NM,87347,-108.4373,35.4785
Las Cruces,NM,88001,-106.7777,32.3035
Las Cruces,NM,88012,-106.7234,32.3824
Lordsburg,NM,88045,-108.9831,32.6111
Los Lunas,NM,87031,-106.7568,34.815
Raton,NM,87740,-104.4357,36.885
Roswell,NM,88220,-104.5231,33.4187
Ruidoso Downs,NM,88346,-105.587,33.3328
Santa Fe,NM,87507,-105.9929,35.6545
Truth or Consequences,NM,87901,-107.2492,33.1554
Tucumcari,NM,88401,-103.7025,35.1521
Beatty,NV,89003,-116.7518,36.9157
Carson City,NV,89706,-119.7675,39.1815
Elko,NV,89801,-115.7906,40.8369
Fernley,NV,89408,-119.2179,39.6149
Henderson,NV,89014,-115.0375,36.0562
Jean,NV,89019,-115.3291,35.7781
Las Vegas,NV,89031,-115.18,36.2614
Las Vegas,NV,89101,-115.1413,36.1695
Las Vegas,NV,89102,-115.2323,36.1592
Las Vegas,NV,89103,-115.184,36.1007
Las Vegas,NV,89103,-115.21,36.1008
Las Vegas,NV,89104,-115.1537,36.1494
Las Vegas,NV,89109,-115.1643,36.133
Las Vegas,NV,89109,-115.1369,36.1339
Las Vegas,NV,89109,-115.1719,36.1212
Las Vegas,NV,89109,-115.1728,36.1039
Las Vegas,NV,89110,-115.0621,36.1645
Las Vegas,NV,89117,-115.2655,36.1439
Las Vegas,NV,89119,-115.1192,36.1001
Las Vegas,NV,89119,-115.1723,36.0583
Las Vegas,NV,89122,-115.0572,36.1062
Las Vegas,NV,89123,-115.1185,36.0201
Las Vegas,NV,89128,-115.2523,36.196
Las Vegas,NV,89129,-115.2494,36.2405
Las Vegas,NV,89147,-115.2948,36.1
Las Vegas,NV,89191,-115.14,36.1719
Laughlin,NV,89029,-114.5759,35.1503
N Las Vegas,NV,89030,-115.1265,36.2185
N Las Vegas,NV,89031,-115.1981,36.2392
N Las Vegas,NV,89130,-115.1966,36.2003
Pahrump,NV,89048,-115.9878,36.2111
Primm,NV,89019,-115.3874,35.6114
Reno,NV,89502,-119.7838,39.5059
Reno,NV,89512,-119.8033,39.5356
Sparks,NV,89431,-119.7456,39.5342
Albany,NY,12205,-73.8078,42.7178
Amherst,NY,14226,-78.8172,42.9909
Auburn,NY,13021,-76.5492,42.9464
Batavia,NY,14020,-78.2017,43.0044
Binghamton,NY,13901,-75.896,42.1573
Brooklyn,NY,11207,-73.8901,40.658
Buffalo,NY,14216,-78.8681,42.9444
Buffalo,NY,14226,-78.7857,42.9635
Camillus,NY,13031,-76.269,43.0413
Canandaigua,NY,14424,-77.2627,42.8784
Carle Place,NY,11514,-73.6025,40.7454
Centereach,NY,11720,-73.0743,40.86
Cheektowaga,NY,14225,-78.7156,42.9347
Cicero,NY,13212,-76.1249,43.1511
Corfu,NY,14036,-78.4058,42.9575
Cortland,NY,13045,-76.1672,42.6066
E Greenbush,NY,12061,-73.7012,42.6232
Fairport,NY,14450,-77.4444,43.0682
Franklin Square,NY,11010,-73.6758,40.7075
Fredonia,NY,14063,-79.3096,42.4536
Geneseo,NY,14454,-77.7887,42.7971
Geneva,NY,14456,-77.0137,42.8569
Hamburg,NY,14075,-78.8541,42.7491
Herkimer,NY,13350,-74.9925,43.0188
Horseheads,NY,14845,-76.8372,42.1588
Ithaca,NY,14850,-76.5113,42.4264
Jackson Heights,NY,11372,-73.8806,40.756
Lancaster,NY,14043,-78.697,42.8675
Latham,NY,12110,-73.7754,42.7559
Lockport,NY,14094,-78.6969,43.1487
Middletown,NY,10940,-74.3867,41.4558
N Syracuse,NY,13212,-76.144,43.1151
New Hartford,NY,13413,-75.316,43.0792
New York,NY,10038,-74.0059,40.7116
Newburgh,NY,12550,-74.0683,41.5071
Niagara Falls,NY,14301,-79.0627,43.0894
Niagara Falls,NY,14304,-78.9715,43.0893
North Babylon,NY,11703,-73.3203,40.7354
Oneida,NY,13421,-75.6411,43.077
Oneonta,NY,13820,-75.0483,42.4482
Orchard Park,NY,14127,-78.7473,42.7988
Painted Post,NY,14870,-77.107,42.1712
Queensbury,NY,12804,-73.6502,43.3323
Rochester,NY,14623,-77.6175,43.0872
Rochester,NY,14626,-77.7054,43.2103
Rome,NY,13440,-75.4588,43.2095
Saratoga Springs,NY,12866,-73.7446,43.0981
Schenectady,NY,12308,-73.9339,42.8137
Syracuse,NY,13206,-76.0922,43.0898
Syracuse,NY,13212,-76.1712,43.0934
Syracuse,NY,13214,-76.0699,43.0471
Utica,NY,13501,-75.2182,43.1101
Vestal,NY,13850,-75.9768,42.0958
Victor,NY,14564,-77.447,43.0087
W Seneca,NY,14224,-78.7831,42.8288
Watertown,NY,13601,-75.9391,43.9769
Akron,OH,44310,-81.4852,41.1166
Akron,OH,44312,-81.4923,40.9915
Amherst,OH,44001,-82.2089,41.4175
Ashland,OH,44805,-82.2656,40.8579
Austinburg,OH,44010,-80.8549,41.7881
Austintown,OH,44515,-80.7486,41.1001
Beaverdam,OH,45808,-83.9687,40.8331
Berkshire,OH,43074,-82.9226,40.2663
Boardman Twp,OH,44512,-80.6673,41.0244
Cambridge,OH,43725,-81.5759,40.0046
Canton,OH,44708,-81.4323,40.7954
Cleveland,OH,44106,-81.6106,41.5085
Cleveland,OH,44129,-81.7319,41.4187
Cleveland,OH,44135,-81.8012,41.4365
Columbus,OH,43202,-83.0257,40.0222
Dayton,OH,45409,-84.187,39.742
Dayton,OH,45435,-84.0642,39.7801
Elyria,OH,44035,-82.1131,41.3994
Findlay,OH,45840,-83.6706,41.0598
Fremont,OH,43420,-83.1338,41.3638
Highland Heights,OH,44143,-81.4556,41.539
Hubbard,OH,44425,-80.5684,41.1819
Independence,OH,44131,-81.6487,41.3957
Jeffersonville,OH,43128,-83.5363,39.6452
Mansfield,OH,44906,-82.5904,40.7719
Marion,OH,43302,-83.1039,40.5807
Medina Township,OH,44256,-81.7982,41.1364
Mentor,OH,44060,-81.3659,41.6596
Millersport,OH,43046,-82.6006,39.938
New Philadelphia,OH,44663,-81.473,40.4934
North Canton,OH,44709,-81.4208,40.8596
North Olmsted,OH,44070,-81.9089,41.4208
Parma,OH,44129,-81.7408,41.3805
Perrysburg,OH,43551,-83.459,41.5344
Rossford,OH,43460,-83.5646,41.5869
Sandusky,OH,44870,-82.6829,41.4271
St Clairsville,OH,43950,-80.8678,40.0755
Streetsboro,OH,44241,-81.3454,41.2482
Tiffin,OH,44883,-83.1914,41.1132
Toledo,OH,43615,-83.7087,41.6743
Willoughby,OH,44094,-81.4405,41.6248
Youngstown,OH,44505,-80.665,41.1536
Youngstown,OH,44555,-80.6486,41.1061
Zanesville,OH,43701,-81.8978,39.9655
Ardmore,OK,73401,-97.1649,34.1734
Checotah,OK,74426,-95.5311,35.4719
Edmond,OK,73034,-97.4657,35.6528
El Reno,OK,73036,-97.9726,35.5058
Mcalester,OK,74501,-95.7685,34.9379
Muskogee,OK,74401,-95.4026,35.7471
Oklahoma City,OK,73108,-97.6012,35.4639
Oklahoma City,OK,73129,-97.4862,35.4308
Oklahoma City,OK,73150,-97.3708,35.4344
Oklahoma City,OK,73159,-97.5462,35.3917
Pryor,OK,74361,-95.3394,36.2282
Sayre,OK,73662,-99.6247,35.3057
Shawnee,OK,74801,-96.912,35.3849
Tulsa,OK,74115,-95.9046,36.1616
Tulsa,OK,74116,-95.8334,36.1627
Albany,OR,97321,-123.0599,44.6286
Canby,OR,97013,-122.6788,45.2674
Clackamas,OR,97015,-122.5688,45.4088
Eugene,OR,97403,-123.0408,44.0344
Grants Pass,OR,97526,-123.3224,42.4623
Happy Valley,OR,97086,-122.5791,45.4352
Hermiston,OR,97838,-119.2582,45.8153
Klamath Falls,OR,97603,-121.7528,42.2092
La Grande,OR,97850,-118.0701,45.3329
Medford,OR,97504,-122.8741,42.3496
Oakland,OR,97462,-123.288,43.5389
Ontario,OR,97914,-116.9435,44.0253
Pendleton,OR,97801,-118.8057,45.6609
Portland,OR,97216,-122.5561,45.5187
Portland,OR,97217,-122.6813,45.6093
Portland,OR,97223,-122.7828,45.4562
Portland,OR,97232,-122.6614,45.5308
Roseburg,OR,97470,-123.3521,43.2128
Salem,OR,97301,-122.9971,44.9198
Salem,OR,97301,-122.9874,44.9502
Springfield,OR,97477,-123.0407,44.0826
The Dalles,OR,97058,-121.2058,45.6101
Tillamook,OR,97141,-123.8443,45.4728
Woodburn,OR,97071,-122.876,45.151
Allentown,PA,18109,-75.4303,40.6412
Altoona,PA,16602,-78.406,40.47
Bedford,PA,15522,-78.5017,40.0168
Belle Vernon,PA,15012,-79.8428,40.1375
Bloomsburg,PA,17815,-76.4291,41.0258
Breezewood,PA,15533,-78.2403,39.9994
Brookville,PA,15825,-79.0982,41.1734
Carlisle,PA,17015,-77.1239,40.2341
Chambersburg,PA,17201,-77.6502,39.9106
Clifton Heights,PA,19018,-75.2946,39.9303
Cranberry Township,PA,16066,-80.1032,40.6855
Essington,PA,19029,-75.3042,39.8669
Greensburg,PA,15601,-79.5761,40.3061
Hazleton,PA,18202,-76.0249,40.9819
Hermitage,PA,16148,-80.4704,41.2334
Irwin,PA,15642,-79.6946,40.3214
Johnstown,PA,15904,-78.8475,40.2798
Lancaster,PA,17603,-76.3644,40.0397
Langhorne,PA,19047,-74.9053,40.1633
Latrobe,PA,15650,-79.382,40.2862
Mechanicsburg,PA,17050,-76.9842,40.2403
Mill Hall,PA,17751,-77.523,41.0263
Monroeville,PA,15146,-79.7728,40.4383
N Versailles,PA,15137,-79.7804,40.3682
New Kensington,PA,15068,-79.752,40.5922
New Milford,PA,18834,-75.6811,41.8242
Pittsburgh,PA,15220,-80.0728,40.3912
Pittsburgh,PA,15236,-79.9514,40.3377
Pittsburgh,PA,15237,-80.0114,40.5381
Pittsburgh,PA,15238,-79.8347,40.5378
Pittston,PA,18640,-75.7551,41.3151
Scranton,PA,18508,-75.6547,41.4623
Selinsgrove,PA,17870,-76.8462,40.8248
Smithton,PA,15479,-79.7332,40.1703
State College,PA,16801,-77.8321,40.785
W Mifflin,PA,15122,-79.944,40.3484
Washington,PA,15301,-80.2741,40.1645
Wilkes-Barre,PA,18702,-75.8549,41.2502
Williamsport,PA,17701,-76.9711,41.2502
York,PA,17404,-76.7581,39.9786
Coventry,RI,02816,-71.55,41.6615
Cranston,RI,02920,-71.4552,41.7693
Johnston,RI,02919,-71.5015,41.8245
N Smithfield,RI,02896,-71.5456,41.9763
Warwick,RI,02886,-71.5004,41.6825
Anderson,SC,29621,-82.6705,34.5464
Blacksburg,SC,29702,-81.5092,35.1461
Boiling Springs,SC,29316,-81.956,35.0111
Columbia,SC,29203,-81.0227,34.0644
Columbia,SC,29212,-81.1546,34.0755
Greenville,SC,29615,-82.3444,34.8936
Myrtle Beach,SC,29577,-78.8971,33.6806
Myrtle Beach,SC,29588,-78.9903,33.6411
N Charleston,SC,29406,-80.0443,32.9355
N Myrtle Beach,SC,29582,-78.6859,33.8234
North Charleston,SC,29418,-80.0285,32.869
Rock Hill,SC,29730,-81.0068,34.8548
Spartanburg,SC,29301,-81.993,34.9207
St George,SC,29477,-80.6026,33.1948
Surfside Beach,SC,29575,-78.9727,33.6211
West Columbia,SC,29169,-81.1087,34.0035
Yemassee,SC,29945,-80.8553,32.6964
Rapid City,SD,57701,-103.2032,44.107
Sioux Falls,SD,57103,-96.6776,43.5455
Sioux Falls,SD,57107,-96.766,43.6018
Cleveland,TN,37312,-84.8681,35.2132
Fairview,TN,37062,-87.1716,36.0253
Jackson,TN,38305,-88.8236,35.675
Knoxville,TN,37932,-84.2374,35.88
Memphis,TN,38125,-89.8276,35.0491
Pigeon Forge,TN,37863,-83.578,35.8086
Pigeon Forge,TN,37863,-83.5497,35.7812
Abilene,TX,79601,-99.6435,32.4394
Abilene,TX,79601,-99.7728,32.4106
Allen,TX,75013,-96.6775,33.1041
Amarillo,TX,79103,-101.8195,35.192
Amarillo,TX,79109,-101.8663,35.1926
Amarillo,TX,79111,-101.7245,35.1932
Anthony,TX,79821,-106.5808,31.9976
Arlington,TX,76011,-97.0638,32.7562
Arlington,TX,76017,-97.1835,32.6463
Arlington,TX,76017,-97.1341,32.6671
Austin,TX,78702,-97.7303,30.2765
Austin,TX,78704,-97.7419,30.2334
Austin,TX,78741,-97.6916,30.2178
Austin,TX,78752,-97.7049,30.3324
Baytown,TX,77521,-95.0345,29.7962
Baytown,TX,77521,-94.9819,29.8056
Big Spring,TX,79720,-101.4542,32.26
Boerne,TX,78006,-98.7232,29.7805
Brenham,TX,77833,-96.3955,30.1378
Brookshire,TX,77423,-95.9513,29.7812
Brownsville,TX,78520,-97.504,25.9428
Brownsville,TX,78526,-97.4837,25.9883
Bryan,TX,77807,-96.4268,30.7257
Burleson,TX,76028,-97.2305,32.7004
Canton,TX,75103,-95.8624,32.5546
Carthage,TX,75633,-94.3191,32.0972
Cisco,TX,76437,-98.8997,32.3749
College Station,TX,77840,-96.3342,30.6272
Conroe,TX,77303,-95.478,30.3377
Corinth,TX,76205,-97.1776,33.2891
Corpus Christi,TX,78408,-97.4526,27.8034
Corpus Christi,TX,78410,-97.6311,27.8549
Corpus Christi,TX,78411,-97.3822,27.714
Corsicana,TX,75110,-96.445,32.0762
Cypress,TX,77429,-95.6955,29.9727
Dallas,TX,75206,-96.7871,32.8192
Dallas,TX,75207,-96.8393,32.8076
Dallas,TX,75207,-96.8247,32.7975
Dallas,TX,75211,-96.8739,32.766
Dallas,TX,75228,-96.6993,32.7945
Dallas,TX,75229,-96.8964,32.8811
Dallas,TX,75231,-96.7701,32.8888
Dallas,TX,75236,-96.8913,32.6617
Dallas,TX,75241,-96.7505,32.6565
Dallas,TX,75243,-96.7532,32.9348
Dallas,TX,75243,-96.7185,32.8991
Dallas,TX,75287,-96.8303,32.9976
Denton,TX,76207,-97.1751,33.2318
Edinburg,TX,78539,-98.187,26.305
Edinburg,TX,78542,-98.1445,26.3354
El Paso,TX,79905,-106.409,31.7811
El Paso,TX,79907,-106.3215,31.7024
El Paso,TX,79924,-106.4351,31.8985
El Paso,TX,79924,-106.4191,31.8838
El Paso,TX,79925,-106.3969,31.7895
El Paso,TX,79927,-106.2393,31.66
El Paso,TX,79935,-106.3331,31.7454
El Paso,TX,79936,-106.3019,31.7694
El Paso - Ft Bliss,TX,79906,-106.437,31.9225
Ennis,TX,75119,-96.6176,32.3365
Euless,TX,76039,-97.0706,32.8373
Forest Hill,TX,76140,-97.276,32.6609
Fort Hood,TX,76544,-97.7794,31.1529
Friendswood,TX,77546,-95.1445,29.5429
Frisco,TX,75033,-96.8397,33.1525
Ft Worth,TX,76115,-97.3212,32.6833
Ft Worth,TX,76116,-97.4325,32.7215
Ft Worth,TX,76132,-97.3937,32.6797
Ft Worth,TX,76137,-97.3137,32.8602
Galveston,TX,77550,-94.7797,29.2966
Garland,TX,75041,-96.6614,32.8648
Garland,TX,75043,-96.5943,32.841
Grand Prairie,TX,75052,-97.0029,32.6733
Gun Barrel City,TX,75156,-96.1303,32.3308
Harlingen,TX,78550,-97.7168,26.1969
Hempstead,TX,77445,-96.0477,30.1073
Henderson,TX,75652,-94.7856,32.1511
Houston,TX,77004,-95.3762,29.7217
Houston,TX,77007,-95.4303,29.7784
Houston,TX,77018,-95.4395,29.81
Houston,TX,77025,-95.4297,29.6784
Houston,TX,77029,-95.227,29.7722
Houston,TX,77032,-95.3713,29.9386
Houston,TX,77034,-95.2171,29.6176
Houston,TX,77034,-95.2513,29.6517
Houston,TX,77037,-95.4113,29.9302
Houston,TX,77040,-95.4949,29.8434
Houston,TX,77055,-95.5342,29.7851
Houston,TX,77058,-95.1063,29.5786
Houston,TX,77064,-95.5453,29.9554
Houston,TX,77065,-95.6117,29.9187
Houston,TX,77072,-95.5568,29.7061
Houston,TX,77074,-95.4941,29.7207
Houston,TX,77077,-95.5982,29.7362
Houston,TX,77079,-95.5757,29.7823
Houston,TX,77081,-95.4975,29.7151
Houston,TX,77083,-95.5142,29.7375
Houston,TX,77084,-95.6457,29.8498
Houston,TX,77087,-95.2975,29.7036
Houston,TX,77088,-95.4097,29.8714
Houston,TX,77090,-95.4262,29.9988
Houston,TX,77090,-95.4564,30.0111
Houston,TX,77092,-95.473,29.828
Humble,TX,77338,-95.2698,29.9997
Humble,TX,77346,-95.3211,30.008
Humble,TX,77396,-95.2435,29.935
Huntsville,TX,77340,-95.569,30.7182
Irving,TX,75062,-97.0069,32.8374
Irving,TX,75063,-97.0079,32.9189
Jacksonville,TX,75766,-95.2604,31.9474
Jarrell,TX,76537,-97.6001,30.8383
Katy,TX,77449,-95.719,29.7898
Katy,TX,77494,-95.8092,29.7811
Katy,TX,77494,-95.7764,29.7151
Kaufman,TX,75142,-96.3094,32.5743
Kerrville,TX,78028,-99.1449,30.0436
Kilgore,TX,75662,-94.8645,32.4285
Killeen,TX,76541,-97.7471,31.1102
Kingwood,TX,77339,-95.2541,30.0451
La Porte,TX,77571,-95.0311,29.654
Lake Jackson,TX,77566,-95.4537,29.0399
Lake Worth,TX,76135,-97.4091,32.8149
Laredo,TX,78041,-99.5034,27.5318
Laredo,TX,78045,-99.4639,27.686
League City,TX,77573,-95.0889,29.4945
Lewisville,TX,75067,-96.9754,33.0083
Live Oak,TX,78233,-98.3472,29.5552
Longview,TX,75602,-94.7074,32.4553
Lubbock,TX,79401,-101.8552,33.5901
Lubbock,TX,79414,-101.9224,33.5514
Magnolia,TX,77354,-95.5598,30.2239
Mansfield,TX,76063,-97.0816,32.577
Mcallen,TX,78501,-98.2318,26.1933
Mcallen,TX,78504,-98.2104,26.2378
Mckinney,TX,75070,-96.6378,33.2129
Meadows Place,TX,77477,-95.5788,29.6461
Mesquite,TX,75149,-96.5965,32.7902
Mesquite,TX,75150,-96.6251,32.8114
Midland,TX,79703,-102.1123,31.9802
Mission,TX,78572,-98.2884,26.196
Missouri City,TX,77459,-95.5651,29.5665
Murphy,TX,75094,-96.6182,33.0114
N Richland Hills,TX,76180,-97.2073,32.8238
Nacogdoches,TX,75964,-94.6782,31.6526
New Boston,TX,75570,-94.4572,33.4702
New Braunfels,TX,78130,-98.0917,29.7023
New Caney,TX,77357,-95.1955,30.1941
Odessa,TX,79764,-102.385,31.8824
Orange,TX,77632,-93.8205,30.1158
Palestine,TX,75801,-95.6552,31.7448
Paris,TX,75460,-95.5422,33.681
Pasadena,TX,77504,-95.1811,29.6652
Pasadena,TX,77506,-95.2201,29.7098
Pearland,TX,77581,-95.3,29.5635
Pecos,TX,79772,-103.4874,31.3999
Plano,TX,75074,-96.7095,33.0252
Plano,TX,75093,-96.7954,33.017
Red Oak,TX,75154,-96.8216,32.529
Rio Grande City,TX,78582,-98.7907,26.3645
Roanoke,TX,76262,-97.2288,32.9875
Rockwall,TX,75032,-96.4672,32.8983
Rosenburg,TX,77471,-95.8052,29.5326
Round Rock,TX,78681,-97.6928,30.5379
Royse City,TX,75189,-96.332,32.963
San Angelo,TX,76901,-100.4407,31.4428
San Antonio,TX,78201,-98.5512,29.4899
San Antonio,TX,78205,-98.4832,29.4227
San Antonio,TX,78216,-98.5068,29.5182
San Antonio,TX,78218,-98.403,29.4824
San Antonio,TX,78220,-98.6493,29.4111
San Antonio,TX,78224,-98.5257,29.3563
San Antonio,TX,78227,-98.6272,29.4031
San Antonio,TX,78230,-98.5612,29.529
San Antonio,TX,78232,-98.4821,29.5665
San Antonio,TX,78238,-98.6252,29.4644
San Antonio,TX,78238,-98.6285,29.4536
San Antonio,TX,78244,-98.3607,29.4457
San Antonio,TX,78244,-98.3679,29.4772
Schertz,TX,78154,-98.2789,29.5999
Seagoville,TX,75159,-96.5373,32.6481
South Padre Island,TX,78597,-97.1649,26.0905
Spring,TX,77379,-95.5221,30.074
Spring,TX,77379,-95.53,30.0176
Spring,TX,77388,-95.4333,30.0578
Sugar Land,TX,77478,-95.6324,29.6019
Terrell,TX,75160,-96.317,32.723
Texas City,TX,77590,-94.9516,29.3943
Tomball,TX,77375,-95.6327,30.0894
Tye,TX,79563,-99.8732,32.4602
Tyler,TX,75702,-95.3316,32.3792
Victoria,TX,77904,-96.9972,28.8653
Waco,TX,76705,-97.125,31.548
Waco,TX,76711,-97.1456,31.5091
Weslaco,TX,78596,-97.9824,26.1563
Wharton,TX,77488,-96.1207,29.3281
Wichita Falls,TX,76301,-98.4673,33.8862
Wichita Falls,TX,76308,-98.5359,33.8659
Wilmer,TX,75172,-96.6862,32.6048
Winnie,TX,77665,-94.3923,29.827
Woodlands,TX,77381,-95.4525,30.1802
Cedar City,UT,84720,-113.0773,37.6818
Lake Point,UT,84074,-112.2679,40.6855
Layton,UT,84041,-111.9745,41.0751
Lehi,UT,84043,-111.8269,40.389
Logan,UT,84341,-111.8345,41.7509
Midvale,UT,84047,-111.9013,40.6207
Midvale,UT,84047,-111.8556,40.6232
Moab,UT,84532,-109.5608,38.5887
Murray,UT,84123,-111.9034,40.6745
Nephi,UT,84648,-111.8371,39.6872
Ogden,UT,84404,-111.97,41.2435
Orem,UT,84057,-111.6989,40.3061
Provo,UT,84601,-111.7638,40.0411
S Ogden,UT,84403,-111.9397,41.1577
Salina,UT,84654,-111.8546,38.9353
Salt Lake City,UT,84101,-111.8984,40.7585
Salt Lake City,UT,84104,-111.9169,40.7269
Salt Lake City,UT,84116,-111.9403,40.7711
South Jordan,UT,84095,-111.9863,40.541
Spanish Fork,UT,84660,-111.6447,40.1256
Springville,UT,84663,-111.6423,40.1856
St George,UT,84770,-113.5836,37.0876
St George,UT,84770,-113.5621,37.1102
Tooele,UT,84074,-112.2982,40.5488
Tremonton,UT,84337,-112.201,41.7109
Vernal,UT,84078,-109.4994,40.4249
West Haven,UT,84401,-112.0073,41.2283
Alexandria,VA,22306,-77.0842,38.7609
Chesapeake,VA,23320,-76.2536,36.7652
Chester,VA,23831,-77.4082,37.3554
Clear Brook,VA,22624,-78.0879,39.2914
Colonial Heights,VA,23834,-77.3929,37.2446
Dale City,VA,22193,-77.3001,38.6271
Doswell,VA,23047,-77.4506,37.8426
Fairfax,VA,22030,-77.3065,38.8585
Fredericksburg,VA,22408,-77.499,38.2458
Ft Chiswell,VA,24360,-80.9468,36.9452
Hampton,VA,23666,-76.3819,37.0432
Hopewell,VA,23860,-77.3243,37.2623
Manassas,VA,20109,-77.5063,38.7775
Mt Jackson,VA,22842,-78.6304,38.7605
Richmond,VA,23230,-77.5146,37.6004
Richmond,VA,23236,-77.6007,37.5051
Roanoke,VA,24012,-79.8925,37.3026
Ruther Glen,VA,22546,-77.4744,37.9341
Salem,VA,24153,-80.0931,37.2879
Stony Creek,VA,23882,-77.3943,36.9778
Strasburg,VA,22657,-78.3366,39.0034
Virginia Beach,VA,23452,-76.0883,36.8417
Virginia Beach,VA,23462,-76.1851,36.8438
Warrenton,VA,20187,-77.7733,38.7322
Williamsburg,VA,23185,-76.7112,37.2846
Winchester,VA,22603,-78.1409,39.2162
Woodbridge,VA,22191,-77.2555,38.6528
Wytheville,VA,24382,-80.9931,36.9365
Rutland,VT,05701,-72.9678,43.584
South Burlington,VT,05403,-73.2095,44.4458
Aberdeen,WA,98520,-123.8208,46.9715
Arlington,WA,98223,-122.1987,48.188
Auburn,WA,98002,-122.2256,47.3029
Bellevue,WA,98007,-122.1431,47.6302
Bellingham,WA,98226,-122.4854,48.7844
Bonney Lake,WA,98391,-122.2513,47.2006
Bothell,WA,98021,-122.2171,47.7905
Bremerton,WA,98312,-122.6824,47.5696
Centralia,WA,98531,-122.9791,46.7281
Chehalis,WA,98532,-122.9567,46.6473
Edmonds,WA,98026,-122.3466,47.7778
Everett,WA,98201,-122.1925,47.9767
Everett,WA,98204,-122.2357,47.8819
Everett,WA,98208,-122.2285,47.9214
Federal Way,WA,98003,-122.306,47.3151
Federal Way,WA,98003,-122.3135,47.2903
Ferndale,WA,98248,-122.5735,48.8487
Fife,WA,98424,-122.3605,47.2431
Kelso,WA,98626,-122.8958,46.1451
Kennewick,WA,99336,-119.159,46.2095
Kent,WA,98032,-122.2281,47.3951
Kirkland,WA,98034,-122.1798,47.7093
Lacey,WA,98516,-122.8232,47.0485
Lynnwood,WA,98036,-122.2885,47.821
Monroe,WA,98272,-121.9773,47.8609
Moses Lake,WA,98837,-119.2521,47.1061
Mt Vernon,WA,98273,-122.3392,48.4359
Puyallup,WA,98373,-122.3012,47.1619
Puyallup,WA,98375,-122.2934,47.1056
Renton,WA,98056,-122.1962,47.5337
Richland,WA,99354,-119.2743,46.2865
Seatac,WA,98188,-122.2963,47.4485
Seatac,WA,98188,-122.2957,47.4361
Seattle,WA,98134,-122.3291,47.5791
Seattle,WA,98168,-122.3339,47.4701
Shelton,WA,98584,-123.1258,47.2312
Spanaway,WA,98387,-122.4195,47.072
Spokane,WA,99206,-117.2394,47.6575
Spokane,WA,99207,-117.4113,47.6903
Spokane,WA,99212,-117.2828,47.6758
Spokane,WA,99224,-117.5072,47.6212
Tacoma,WA,98406,-122.5162,47.2554
Tacoma,WA,98444,-122.4342,47.1593
Tacoma,WA,98444,-122.4632,47.1791
Tacoma,WA,98499,-122.5027,47.1503
Tacoma,WA,98499,-122.5194,47.1667
Union Gap,WA,98903,-120.4752,46.563
Wenatchee,WA,98801,-120.3252,47.4414
Yakima,WA,98908,-120.5609,46.6146
Appleton,WI,54914,-88.4581,44.2621
Black River Falls,WI,54615,-90.8568,44.2946
Green Bay,WI,54303,-88.0764,44.4707
Greenfield,WI,53228,-88.048,42.9593
Hudson,WI,54016,-92.7234,44.9596
Janesville,WI,53545,-89.005,42.7069
Lake Delton,WI,53940,-89.7932,43.6017
Madison,WI,53704,-89.3143,43.1236
Madison,WI,53719,-89.5027,43.0586
Mauston,WI,53948,-90.0612,43.7967
Menomonie,WI,54751,-91.9322,44.9032
Milwaukee,WI,53207,-87.9098,42.955
Milwaukee,WI,53221,-87.9485,42.9757
Milwaukee,WI,53222,-88.01,43.09
Milwaukee,WI,53223,-88.0089,43.1778
Monona,WI,53716,-89.312,43.0482
Oak Creek,WI,53154,-87.9423,42.8692
Pewaukee,WI,53072,-88.2559,43.0425
Racine,WI,53406,-87.8463,42.7188
Rothschild,WI,54474,-89.616,44.8583
Tomah,WI,54660,-90.5016,44.0181
Waukesha,WI,53188,-88.2647,42.9913
Wauwatosa,WI,53226,-88.0523,43.0597
Wilson,WI,54027,-92.1955,44.935
Wisconsin Dells,WI,53965,-89.7936,43.6232
Clarksburg,WV,26301,-80.2778,39.2804
Keyser,WV,26726,-78.977,39.4382
Morgantown,WV,26508,-79.9584,39.5818
Casper,WY,82609,-106.2728,42.8518
Cheyenne,WY,82007,-104.8529,41.099
Rawlins,WY,82301,-107.234,41.7859
Rock Springs,WY,82901,-109.24,41.6052
